{"_wandb":{"runtime":1022},"parameters/core.Q":{"values":[7,43,232,497,225,44,7,1,0,0,0,0,0,0,0,0,0,0,0,0,0,0,0,1,0,0,0,0,0,0,0,0,0,0,0,0,0,0,0,0,0,0,0,0,0,0,0,0,0,0,0,0,0,0,0,0,0,0,0,0,0,0,0,32],"bins":[-0.17035214602947235,-0.12128044664859772,-0.07220873981714249,-0.023137036710977554,0.025934666395187378,0.07500636577606201,0.12407807260751724,0.17314977943897247,0.2222214788198471,0.27129319310188293,0.32036489248275757,0.3694365918636322,0.41850829124450684,0.46757999062538147,0.5166516900062561,0.5657234191894531,0.6147950887680054,0.6638668179512024,0.7129384875297546,0.7620102167129517,0.8110818862915039,0.8601536154747009,0.909225344657898,0.9582970142364502,1.0073686838150024,1.0564404726028442,1.1055121421813965,1.1545838117599487,1.203655481338501,1.2527272701263428,1.301798939704895,1.3508706092834473,1.3999422788619995,1.4490139484405518,1.4980857372283936,1.5471574068069458,1.596229076385498,1.6453007459640503,1.694372534751892,1.7434442043304443,1.7925158739089966,1.8415876626968384,1.8906593322753906,1.9397310018539429,1.9888026714324951,2.037874460220337,2.0869460105895996,2.1360177993774414,2.185089588165283,2.234161138534546,2.2832329273223877,2.3323047161102295,2.381376266479492,2.430448055267334,2.479519844055176,2.5285913944244385,2.5776631832122803,2.626734972000122,2.6758065223693848,2.7248783111572266,2.7739498615264893,2.823021650314331,2.872093439102173,2.9211649894714355,2.9702367782592773],"_type":"histogram"},"parameters/core.V":{"_type":"histogram","values":[1054,2,0,0,0,0,0,0,0,0,0,0,0,0,0,0,0,0,0,0,0,32,0,0,0,0,0,0,0,0,0,0,0,0,0,0,0,0,0,0,0,0,0,0,0,0,0,0,0,0,0,0,0,0,0,0,0,0,0,0,0,0,0,1],"bins":[-0.02795623615384102,0.01994108408689499,0.0678384006023407,0.115735724568367,0.1636330485343933,0.21153035759925842,0.2594276964664459,0.30732500553131104,0.35522231459617615,0.40311965346336365,0.45101696252822876,0.49891430139541626,0.546811580657959,0.5947089195251465,0.642606258392334,0.6905035972595215,0.7384008765220642,0.7862982153892517,0.8341955542564392,0.8820928335189819,0.9299901723861694,0.9778875112533569,1.0257848501205444,1.0736820697784424,1.1215794086456299,1.1694767475128174,1.2173740863800049,1.2652714252471924,1.3131687641143799,1.3610661029815674,1.4089633226394653,1.4568606615066528,1.5047580003738403,1.5526553392410278,1.6005526781082153,1.6484500169754028,1.6963472366333008,1.7442445755004883,1.7921419143676758,1.8400392532348633,1.8879365921020508,1.9358339309692383,1.9837311506271362,2.0316286087036133,2.079525947570801,2.127423048019409,2.1753203868865967,2.223217725753784,2.2711150646209717,2.319012403488159,2.3669097423553467,2.414807081222534,2.4627044200897217,2.510601758956909,2.5584990978240967,2.606396436691284,2.6542937755584717,2.702191114425659,2.7500882148742676,2.797985553741455,2.8458828926086426,2.89378023147583,2.9416775703430176,2.989574909210205,3.0374722480773926]},"gradients/core.K":{"bins":[-0.08091720938682556,-0.0776602178812027,-0.07440323382616043,-0.07114624232053757,-0.0678892582654953,-0.06463226675987244,-0.06137527525424957,-0.05811828747391701,-0.05486129969358444,-0.05160431191325188,-0.04834732413291931,-0.04509033262729645,-0.04183334484696388,-0.03857635706663132,-0.03531936556100845,-0.03206237778067589,-0.028805390000343323,-0.025548402220010757,-0.022291412577033043,-0.01903442293405533,-0.015777435153722763,-0.012520446442067623,-0.009263457730412483,-0.006006469018757343,-0.0027494803071022034,0.0005075084045529366,0.0037644971162080765,0.007021485827863216,0.010278474539518356,0.013535463251173496,0.016792451962828636,0.02004944160580635,0.023306429386138916,0.02656341716647148,0.029820406809449196,0.03307739645242691,0.036334384232759476,0.03959137201309204,0.042848363518714905,0.04610535129904747,0.049362339079380035,0.0526193268597126,0.055876314640045166,0.05913330614566803,0.062390293926000595,0.06564728170633316,0.06890427321195602,0.07216125726699829,0.07541824877262115,0.07867524027824402,0.08193222433328629,0.08518921583890915,0.08844619989395142,0.09170319139957428,0.09496018290519714,0.09821716696023941,0.10147415846586227,0.10473114997148514,0.1079881340265274,0.11124512553215027,0.11450211703777313,0.1177591010928154,0.12101609259843826,0.12427307665348053,0.1275300681591034],"_type":"histogram","values":[1,1,0,1,0,1,0,1,1,0,0,1,1,0,0,1,1,2,0,0,1,0,3,61,565,415,15,1,0,1,1,0,1,0,1,2,1,2,0,0,1,1,0,1,0,2,0,0,0,0,0,0,0,0,0,1,0,0,0,0,0,0,0,1]},"val/corr":0.9448434710502625,"train/y_true_mean":-0.0284719318151474,"gradients/core.V":{"bins":[-0.029267078265547752,-0.028761819005012512,-0.028256559744477272,-0.027751300483942032,-0.02724604308605194,-0.0267407838255167,-0.02623552456498146,-0.02573026530444622,-0.02522500604391098,-0.02471974678337574,-0.02421448938548565,-0.02370923012495041,-0.02320397086441517,-0.02269871160387993,-0.02219345234334469,-0.021688193082809448,-0.021182935684919357,-0.020677676424384117,-0.020172417163848877,-0.019667157903313637,-0.019161898642778397,-0.018656639382243156,-0.018151380121707916,-0.017646122723817825,-0.017140863463282585,-0.016635604202747345,-0.016130344942212105,-0.015625085681676865,-0.015119827352464199,-0.014614568091928959,-0.014109308831393719,-0.013604050502181053,-0.013098791241645813,-0.012593531981110573,-0.012088272720575333,-0.011583014391362667,-0.011077755130827427,-0.010572495870292187,-0.010067237541079521,-0.009561978280544281,-0.00905671902000904,-0.008551460690796375,-0.008046201430261135,-0.007540942169725895,-0.007035683374851942,-0.006530424579977989,-0.006025165319442749,-0.005519906524568796,-0.005014647729694843,-0.004509388469159603,-0.00400412967428565,-0.0034988706465810537,-0.002993611618876457,-0.0024883525911718607,-0.001983093563467264,-0.0014778347685933113,-0.0009725757408887148,-0.0004673167713917792,3.794219810515642e-05,0.000543201167602092,0.0010484601370990276,0.0015537191648036242,0.0020589781925082207,0.0025642369873821735,0.00306949601508677],"_type":"histogram","values":[1,0,0,0,0,0,0,0,0,0,0,0,0,0,0,0,0,0,0,0,0,0,0,0,0,0,0,0,0,0,0,0,0,0,0,0,0,0,0,0,0,0,0,0,0,0,0,0,0,0,0,0,2,2,3,2,3,1059,1,5,4,3,0,4]},"train/mse":0.11143042892217636,"_timestamp":1.7605637391372178e+09,"_runtime":1022.521654349,"_step":2000,"train/y_pred_mean":-0.006347916554659605,"parameters/core.K":{"bins":[-1.7103307247161865,-1.6371557712554932,-1.5639808177947998,-1.4908058643341064,-1.417630910873413,-1.3444560766220093,-1.271281123161316,-1.1981061697006226,-1.1249312162399292,-1.0517562627792358,-0.9785813093185425,-0.9054064154624939,-0.8322314620018005,-0.7590565085411072,-0.6858816146850586,-0.6127066612243652,-0.5395317077636719,-0.4663567543029785,-0.39318183064460754,-0.3200069069862366,-0.2468319535255432,-0.17365701496601105,-0.10048207640647888,-0.027307137846946716,0.04586780071258545,0.11904273927211761,0.19221767783164978,0.26539260149002075,0.3385675549507141,0.41174250841140747,0.48491743206977844,0.5580923557281494,0.6312670707702637,0.704442024230957,0.7776169776916504,0.850791871547699,0.9239668250083923,0.9971417784690857,1.0703166723251343,1.1434916257858276,1.216666579246521,1.2898415327072144,1.3630164861679077,1.436191439628601,1.5093662738800049,1.5825412273406982,1.6557161808013916,1.728891134262085,1.8020660877227783,1.8752410411834717,1.948415994644165,2.0215909481048584,2.0947659015655518,2.167940855026245,2.2411158084869385,2.314290761947632,2.387465476989746,2.4606404304504395,2.533815383911133,2.606990337371826,2.6801652908325195,2.753340244293213,2.8265151977539062,2.8996901512145996,2.972865104675293],"_type":"histogram","values":[1,0,1,0,2,0,0,0,1,2,0,0,2,0,1,0,2,1,1,0,1,20,227,631,137,8,4,1,0,3,1,1,0,1,0,1,0,1,0,1,0,0,0,3,0,1,0,0,0,1,0,0,0,0,0,0,0,0,0,0,0,0,0,32]},"val/mse":0.11346370726823807,"lr":0.001,