{"gradients/core.V":{"_type":"histogram","values":[1,0,0,0,0,0,0,0,0,0,0,0,0,0,0,0,0,0,0,0,0,0,0,0,0,0,0,0,0,0,0,0,0,0,0,0,0,0,0,0,0,0,0,0,0,0,0,0,0,0,0,0,0,0,1,1,1,4,5,1059,6,6,1,4],"bins":[-0.051191892474889755,-0.050331149250268936,-0.04947040230035782,-0.048609659075737,-0.04774891585111618,-0.04688816890120506,-0.046027425676584244,-0.045166682451963425,-0.04430593550205231,-0.04344519227743149,-0.04258444905281067,-0.04172370210289955,-0.04086295887827873,-0.04000221565365791,-0.039141468703746796,-0.03828072547912598,-0.03741998225450516,-0.03655923530459404,-0.03569849207997322,-0.0348377488553524,-0.033977001905441284,-0.033116258680820465,-0.032255515456199646,-0.03139476850628853,-0.03053402528166771,-0.02967328205704689,-0.028812536969780922,-0.027951791882514954,-0.027091048657894135,-0.026230303570628166,-0.025369558483362198,-0.02450881525874138,-0.02364807017147541,-0.022787325084209442,-0.021926581859588623,-0.021065836772322655,-0.020205091685056686,-0.019344348460435867,-0.0184836033731699,-0.01762286014854908,-0.01676211506128311,-0.015901369974017143,-0.01504062581807375,-0.014179881662130356,-0.013319136574864388,-0.012458392418920994,-0.0115976482629776,-0.010736904107034206,-0.009876159019768238,-0.009015414863824844,-0.00815467070788145,-0.00729392608627677,-0.006433181464672089,-0.005572436843067408,-0.004711692687124014,-0.003850948065519333,-0.0029902036767452955,-0.002129459287971258,-0.001268714782781899,-0.0004079703358002007,0.0004527741111814976,0.001313518499955535,0.0021742628887295723,0.0030350075103342533,0.0038957518991082907]},"_timestamp":1.7605636510809321e+09,"train/corr":0.9491755962371826,"_step":2000,"parameters/core.V":{"bins":[-0.04651223495602608,0.001780141144990921,0.05007251724600792,0.09836488962173462,0.14665727317333221,0.19494964182376862,0.2432420253753662,0.2915343940258026,0.339826762676239,0.3881191611289978,0.4364115297794342,0.4847038984298706,0.5329962968826294,0.5812886357307434,0.6295810341835022,0.677873432636261,0.726165771484375,0.7744581699371338,0.8227505087852478,0.8710429072380066,0.9193353056907654,0.9676276445388794,1.0159200429916382,1.064212441444397,1.1125048398971558,1.160797119140625,1.2090895175933838,1.2573819160461426,1.3056743144989014,1.3539667129516602,1.4022589921951294,1.4505513906478882,1.4988439083099365,1.5471363067626953,1.595428705215454,1.6437209844589233,1.6920133829116821,1.740305781364441,1.7885981798171997,1.8368905782699585,1.8851828575134277,1.9334752559661865,1.9817676544189453,2.030060052871704,2.078352451324463,2.1266448497772217,2.1749372482299805,2.2232296466827393,2.271522045135498,2.3198142051696777,2.3681066036224365,2.4163990020751953,2.464691400527954,2.512983798980713,2.5612761974334717,2.6095685958862305,2.6578609943389893,2.706153392791748,2.754445791244507,2.8027379512786865,2.8510303497314453,2.899322748184204,2.947615146636963,2.9959075450897217,3.0441999435424805],"_type":"histogram","values":[1039,17,0,0,0,0,0,0,0,0,0,0,0,0,0,0,0,0,0,0,0,32,0,0,0,0,0,0,0,0,0,0,0,0,0,0,0,0,0,0,0,0,0,0,0,0,0,0,0,0,0,0,0,0,0,0,0,0,0,0,0,0,0,1]},"_runtime":908.456712376,"gradients/core.Q":{"_type":"histogram","values":[1,0,0,0,0,0,0,2,2,1,0,1,1,1,0,0,0,1,1,3,6,18,27,54,79,134,163,185,149,108,59,49,23,5,2,2,0,1,0,1,0,3,0,0,0,0,2,0,1,0,0,0,0,0,0,0,0,0,1,1,0,0,0,2],"bins":[-0.01721799746155739,-0.016586745157837868,-0.015955492854118347,-0.015324240550398827,-0.014692988246679306,-0.01406173501163721,-0.01343048270791769,-0.01279923040419817,-0.01216797810047865,-0.011536725796759129,-0.010905473493039608,-0.010274221189320087,-0.009642967954277992,-0.009011715650558472,-0.008380463346838951,-0.0077492110431194305,-0.00711795873939991,-0.006486706435680389,-0.005855454131960869,-0.005224201362580061,-0.00459294905886054,-0.00396169675514102,-0.0033304442185908556,-0.0026991916820406914,-0.002067939378321171,-0.0014366869581863284,-0.000805434538051486,-0.00017418211791664362,0.0004570703022181988,0.0010883227223530412,0.0017195751424878836,0.002350827679038048,0.002982078120112419,0.0036133304238319397,0.00424458272755146,0.004875835496932268,0.005507087800651789,0.006138340104371309,0.006769592873752117,0.007400845177471638,0.008032097481191158,0.008663349784910679,0.0092946020886302,0.00992585439234972,0.010557107627391815,0.011188359931111336,0.011819612234830856,0.012450864538550377,0.013082116842269897,0.013713369145989418,0.014344621449708939,0.01497587375342846,0.01560712605714798,0.0162383783608675,0.01686963066458702,0.01750088296830654,0.018132135272026062,0.018763389438390732,0.019394641742110252,0.020025894045829773,0.020657146349549294,0.021288398653268814,0.021919650956988335,0.022550903260707855,0.023182155564427376]},"val/corr":0.941332995891571,"lr":0.001,"train/y_pred_mean":0.0980144813656807,"parameters/core.Q":{"bins":[-0.15613654255867004,-0.10717175900936127,-0.05820696800947189,-0.009242180734872818,0.03972260653972626,0.08868739008903503,0.137652188539505,0.18661697208881378,0.23558175563812256,0.28454655408859253,0.3335113227367401,0.3824761211872101,0.43144088983535767,0.48040568828582764,0.5293704867362976,0.5783352851867676,0.6273000240325928,0.6762648224830627,0.7252296209335327,0.7741944193840027,0.8231592178344727,0.8721240162849426,0.9210887551307678,0.9700535535812378,1.0190184116363525,1.0679831504821777,1.116947889328003,1.1659127473831177,1.2148774862289429,1.2638423442840576,1.3128070831298828,1.361771821975708,1.4107366800308228,1.459701418876648,1.5086662769317627,1.557631015777588,1.6065958738327026,1.6555606126785278,1.704525351524353,1.7534902095794678,1.802454948425293,1.8514198064804077,1.900384545326233,1.949349284172058,1.9983141422271729,2.047278881072998,2.0962436199188232,2.1452085971832275,2.1941733360290527,2.243138074874878,2.292102813720703,2.3410675525665283,2.3900325298309326,2.438997268676758,2.487962007522583,2.536926746368408,2.5858914852142334,2.6348564624786377,2.683821201324463,2.732785940170288,2.7817506790161133,2.8307154178619385,2.8796803951263428,2.928645133972168,2.977609872817993],"_type":"histogram","values":[17,108,312,420,166,30,3,0,0,0,0,0,0,0,0,0,0,0,0,0,0,0,0,1,0,0,0,0,0,0,0,0,0,0,0,0,0,0,0,0,0,0,0,0,0,0,0,0,0,0,0,0,0,0,0,0,0,0,0,0,0,0,0,32]},"_wandb":{"runtime":908},"gradients/core.K":{"bins":[-0.1215566098690033,-0.11717727780342102,-0.11279795318841934,-0.10841862112283707,-0.10403929650783539,-0.09965996444225311,-0.09528063237667084,-0.09090130776166916,-0.08652197569608688,-0.08214264363050461,-0.07776331901550293,-0.07338398694992065,-0.06900465488433838,-0.0646253302693367,-0.060245998203754425,-0.05586666986346245,-0.05148734152317047,-0.047108013182878494,-0.04272868484258652,-0.03834935277700424,-0.033970024436712265,-0.029590696096420288,-0.025211365893483162,-0.020832035690546036,-0.01645270735025406,-0.012073378078639507,-0.007694048807024956,-0.003314719535410404,0.0010646097362041473,0.005443939007818699,0.00982326827943325,0.014202597551047802,0.018581926822662354,0.02296125516295433,0.027340585365891457,0.03171991556882858,0.03609924390912056,0.04047857224941254,0.04485790431499481,0.04923723265528679,0.053616560995578766,0.05799588933587074,0.06237521767616272,0.066754549741745,0.07113388180732727,0.07551320642232895,0.07989253848791122,0.0842718631029129,0.08865119516849518,0.09303052723407745,0.09740985184907913,0.10178918391466141,0.10616850852966309,0.11054784059524536,0.11492717266082764,0.11930649727582932,0.12368582934141159,0.12806515395641327,0.13244448602199554,0.13682381808757782,0.1412031501531601,0.14558248221874237,0.14996179938316345,0.15434113144874573,0.158720463514328],"_type":"histogram","values":[1,0,0,0,0,0,0,1,0,0,0,0,1,0,0,0,4,2,2,0,0,1,1,1,2,1,28,788,241,2,0,0,0,0,1,0,0,1,1,1,1,1,0,0,0,0,1,0,1,0,1,0,0,2,1,0,0,0,0,0,0,0,0,1]},