{"parameters/core.K":{"bins":[-1.5421621799468994,-1.4791338443756104,-1.4161055088043213,-1.3530772924423218,-1.2900489568710327,-1.2270206212997437,-1.1639924049377441,-1.100964069366455,-1.037935733795166,-0.974907398223877,-0.9118791222572327,-0.8488508462905884,-0.7858225107192993,-0.7227941751480103,-0.659765899181366,-0.5967376232147217,-0.5337092876434326,-0.47068098187446594,-0.40765267610549927,-0.3446243703365326,-0.2815960645675659,-0.21856775879859924,-0.15553945302963257,-0.0925111472606659,-0.02948284149169922,0.033545464277267456,0.09657377004623413,0.1596020758152008,0.22263038158416748,0.28565868735313416,0.34868699312210083,0.4117152988910675,0.4747438430786133,0.5377721786499023,0.6008004546165466,0.6638287305831909,0.72685706615448,0.789885401725769,0.8529136776924133,0.9159419536590576,0.9789702892303467,1.0419986248016357,1.1050269603729248,1.1680551767349243,1.2310835123062134,1.2941118478775024,1.357140064239502,1.420168399810791,1.48319673538208,1.5462250709533691,1.6092534065246582,1.6722816228866577,1.7353099584579468,1.7983382940292358,1.8613665103912354,1.9243948459625244,1.9874231815338135,2.0504515171051025,2.1134798526763916,2.1765081882476807,2.2395362854003906,2.3025646209716797,2.3655929565429688,2.428621292114258,2.491649627685547],"_type":"histogram","values":[2,3,1,2,1,0,0,0,1,0,0,0,0,1,0,0,0,1,1,1,0,8,69,247,379,261,55,9,0,0,2,0,0,0,2,1,0,0,0,0,0,0,1,4,5,0,0,0,0,0,0,0,0,0,0,0,0,0,0,0,0,0,2,30]},"parameters/core.Q":{"bins":[-0.18597935140132904,-0.1441708207130432,-0.10236228257417679,-0.06055374816060066,-0.018745213747024536,0.02306332066655159,0.06487185508012772,0.10668039321899414,0.14848892390727997,0.1902974545955658,0.23210600018501282,0.27391451597213745,0.3157230615615845,0.3575316071510315,0.39934012293815613,0.44114866852760315,0.4829571843147278,0.5247657299041748,0.5665742754936218,0.6083828210830688,0.6501913070678711,0.6919998526573181,0.7338083982467651,0.7756169438362122,0.8174254894256592,0.8592340350151062,0.9010425209999084,0.9428510665893555,0.9846596121788025,1.0264681577682495,1.0682766437530518,1.1100852489471436,1.1518937349319458,1.193702220916748,1.2355108261108398,1.277319312095642,1.3191279172897339,1.3609364032745361,1.4027448892593384,1.4445534944534302,1.4863619804382324,1.5281705856323242,1.5699790716171265,1.6117875576019287,1.6535961627960205,1.6954046487808228,1.7372132539749146,1.7790217399597168,1.8208303451538086,1.8626388311386108,1.904447317123413,1.9462559223175049,1.9880644083023071,2.0298728942871094,2.071681499481201,2.113490104675293,2.1552984714508057,2.1971070766448975,2.2389156818389893,2.280724048614502,2.3225326538085938,2.3643412590026855,2.4061498641967773,2.44795823097229,2.489766836166382],"_type":"histogram","values":[18,44,100,223,295,207,122,35,10,2,0,0,0,0,0,0,0,0,0,0,0,0,0,0,0,0,0,0,1,0,0,0,0,0,0,0,0,0,0,0,0,0,0,0,0,0,0,0,0,0,0,0,0,0,0,0,0,0,0,0,0,1,12,19]},"train/y_pred_mean":-0.0008265674114227295,"val/mse":0.529838502407074,"_timestamp":1.760564023849568e+09,"parameters/core.V":{"_type":"histogram","values":[1055,1,0,0,0,0,0,0,0,0,0,0,0,0,0,0,0,0,0,0,0,0,0,0,0,32,0,0,0,0,0,0,0,0,0,0,0,0,0,0,0,0,0,0,0,0,0,0,0,0,0,0,0,0,0,0,0,0,0,0,0,0,0,1],"bins":[-0.016708221286535263,0.02240647003054619,0.06152116134762764,0.10063585638999939,0.13975054025650024,0.1788652390241623,0.21797992289066315,0.2570946216583252,0.29620930552482605,0.3353239893913269,0.37443870306015015,0.413553386926651,0.45266807079315186,0.4917827546596527,0.5308974385261536,0.5700121521949768,0.6091268658638,0.6482415199279785,0.6873562335968018,0.7264708876609802,0.7655856013298035,0.8047003149986267,0.8438149690628052,0.8829296827316284,0.9220443964004517,0.9611590504646301,1.0002737045288086,1.0393884181976318,1.078503131866455,1.1176178455352783,1.1567325592041016,1.1958471536636353,1.234961986541748,1.2740767002105713,1.3131914138793945,1.3523060083389282,1.3914207220077515,1.4305354356765747,1.469650149345398,1.5087648630142212,1.5478794574737549,1.5869941711425781,1.6261088848114014,1.6652235984802246,1.7043383121490479,1.743453025817871,1.7825676202774048,1.821682333946228,1.8607970476150513,1.8999117612838745,1.9390264749526978,1.9781410694122314,2.0172557830810547,2.056370496749878,2.095485210418701,2.1345999240875244,2.1737146377563477,2.212829351425171,2.251944065093994,2.2910585403442383,2.3301732540130615,2.3692879676818848,2.408402681350708,2.4475173950195312,2.4866321086883545]},"gradients/core.K":{"_type":"histogram","values":[1,0,0,0,0,2,0,0,2,0,2,1,2,2,1,1,0,0,0,1,2,53,306,522,157,19,2,1,3,0,0,0,1,1,1,0,0,0,0,0,1,0,0,0,0,0,1,0,0,1,0,0,0,1,0,0,0,0,0,1,0,0,0,1],"bins":[-0.036997679620981216,-0.035412147641181946,-0.033826619386672974,-0.0322410874068737,-0.030655555427074432,-0.02907002530992031,-0.02748449519276619,-0.02589896321296692,-0.024313433095812798,-0.022727902978658676,-0.021142370998859406,-0.019556840881705284,-0.017971310764551163,-0.016385778784751892,-0.01480024866759777,-0.013214717619121075,-0.011629186570644379,-0.010043655522167683,-0.008458124473690987,-0.006872594356536865,-0.005287063308060169,-0.003701532492414117,-0.0021160016767680645,-0.0005304708611220121,0.0010550599545240402,0.0026405907701700926,0.004226121585816145,0.005811652168631554,0.00739718321710825,0.008982714265584946,0.010568244382739067,0.012153775431215763,0.013739310204982758,0.015324841253459454,0.01691037230193615,0.01849590241909027,0.02008143439888954,0.021666964516043663,0.023252494633197784,0.024838026612997055,0.026423556730151176,0.028009086847305298,0.02959461882710457,0.03118014894425869,0.03276567906141281,0.03435121104121208,0.03593674302101135,0.037522271275520325,0.039107803255319595,0.040693335235118866,0.04227886348962784,0.04386439546942711,0.04544992744922638,0.04703545570373535,0.04862098768353462,0.05020651966333389,0.051792047917842865,0.053377579897642136,0.054963111877441406,0.05654864385724068,0.05813417211174965,0.05971970409154892,0.06130523607134819,0.06289076805114746,0.06447629630565643]},"lr":0.001,"_runtime":1283.953566841,"_wandb":{"runtime":1283},"gradients/core.Q":{"_type":"histogram","values":[1,1,1,2,0,0,1,0,0,0,0,0,2,2,2,1,5,10,16,17,32,58,61,83,96,94,153,95,93,73,62,43,26,19,9,11,5,4,2,1,1,1,0,1,0,0,1,1,0,2,0,0,0,0,0,0,0,0,0,0,0,0,0,1],"bins":[-0.008691640570759773,-0.008363422006368637,-0.008035203441977501,-0.007706984877586365,-0.007378766313195229,-0.007050547283142805,-0.006722328718751669,-0.006394110154360533,-0.006065891589969397,-0.00573767302557826,-0.005409454461187124,-0.005081235896795988,-0.004753016866743565,-0.0044247983023524284,-0.004096579737961292,-0.003768361173570156,-0.00344014260917902,-0.0031119240447878838,-0.0027837054803967476,-0.0024554866831749678,-0.0021272681187838316,-0.0017990495543926954,-0.0014708308735862374,-0.0011426121927797794,-0.0008143936283886433,-0.0004861750057898462,-0.0001579563831910491,0.00017026223940774798,0.0004984808620065451,0.0008266994846053421,0.0011549181072041392,0.0014831367880105972,0.0018113544210791588,0.002139572985470295,0.002467791549861431,0.002796010347083211,0.003124228911474347,0.0034524474758654833,0.003780666273087263,0.004108884837478399,0.0044371034018695354,0.004765321966260672,0.005093540530651808,0.005421759095042944,0.005749978125095367,0.006078196689486504,0.00640641525387764,0.006734633818268776,0.007062852382659912,0.007391070947051048,0.0077192895114421844,0.00804750807583332,0.008375726640224457,0.008703945204615593,0.009032163769006729,0.009360382333397865,0.009688600897789001,0.010016820393502712,0.010345038957893848,0.010673257522284985,0.01100147608667612,0.011329694651067257,0.011657913215458393,0.01198613177984953,0.012314350344240665]},"_step":2000,"train/y_true_mean":0.014603632502257824,"val/corr":0.6876859664916992,"gradients/core.V":{"_type":"histogram","values":[1,0,0,0,0,0,0,0,0,0,0,0,0,0,1,0,0,0,0,0,1,0,0,0,3,0,1,1,0,2,3,1,2,1,2,1056,0,2,0,1,1,1,0,0,2,1,1,2,0,0,1,0,0,0,0,1,0,0,0,0,0,0,0,1],