{"gradients/core.V":{"bins":[-0.007401520386338234,-0.007015021052211523,-0.006628521718084812,-0.006242022383958101,-0.00585552304983139,-0.005469024181365967,-0.005082524847239256,-0.004696025513112545,-0.004309526178985834,-0.003923026844859123,-0.0035365275107324123,-0.003150028409436345,-0.002763529075309634,-0.0023770297411829233,-0.001990530639886856,-0.0016040313057601452,-0.0012175319716334343,-0.0008310326957143843,-0.00044453341979533434,-5.803414387628436e-05,0.0003284651320427656,0.0007149644079618156,0.0011014636838808656,0.0014879629015922546,0.0018744622357189655,0.0022609615698456764,0.0026474609039723873,0.0030339600052684546,0.0034204593393951654,0.0038069586735218763,0.004193457774817944,0.0045799571089446545,0.004966456443071365,0.005352955777198076,0.005739455111324787,0.006125954445451498,0.006512453779578209,0.0068989526480436325,0.007285451982170343,0.007671951316297054,0.008058451116085052,0.008444949984550476,0.0088314488530159,0.009217948652803898,0.009604447521269321,0.00999094732105732,0.010377446189522743,0.010763945989310741,0.011150444857776165,0.011536943726241589,0.011923443526029587,0.01230994239449501,0.012696442194283009,0.013082941062748432,0.01346944086253643,0.013855939731001854,0.014242438599467278,0.014628938399255276,0.0150154372677207,0.015401937067508698,0.01578843593597412,0.016174934804439545,0.016561435535550117,0.01694793440401554,0.017334433272480965],"_type":"histogram","values":[1,0,0,0,0,1,0,0,0,1,0,1,1,1,1,3,1,2,1,1056,1,3,1,2,3,2,1,0,1,2,0,0,0,2,0,0,0,0,0,0,0,0,0,0,0,0,0,0,0,0,0,0,0,0,0,0,0,0,0,0,0,0,0,1]},"gradients/core.K":{"bins":[-0.0931701585650444,-0.09023140370845795,-0.08729264885187149,-0.08435389399528503,-0.08141513913869858,-0.07847638428211212,-0.07553762942552567,-0.07259887456893921,-0.06966012716293335,-0.0667213723063469,-0.06378261744976044,-0.06084385886788368,-0.057905107736587524,-0.05496635288000107,-0.05202759802341461,-0.049088843166828156,-0.0461500883102417,-0.04321133345365524,-0.04027257859706879,-0.03733382374048233,-0.034395068883895874,-0.031456317752599716,-0.02851756289601326,-0.025578808039426804,-0.022640053182840347,-0.01970129832625389,-0.016762543469667435,-0.013823790475726128,-0.010885035619139671,-0.007946280762553215,-0.005007526837289333,-0.0020687724463641644,0.0008699744939804077,0.0038087288849055767,0.006747483275830746,0.009686237201094627,0.012624992057681084,0.01556374691426754,0.018502499908208847,0.021441254764795303,0.02438000962138176,0.027318764477968216,0.030257519334554672,0.03319627419114113,0.036135025322437286,0.03907378017902374,0.0420125350356102,0.044951289892196655,0.04789004474878311,0.05082879960536957,0.053767554461956024,0.05670630931854248,0.05964506417512894,0.0625838190317154,0.06552257388830185,0.0684613287448883,0.07140007615089417,0.07433883100748062,0.07727758586406708,0.08021634072065353,0.08315509557723999,0.08609385043382645,0.0890326052904129,0.09197136014699936,0.09491011500358582],"_type":"histogram","values":[1,0,0,0,1,0,0,0,0,1,0,0,0,1,0,0,0,1,0,1,0,0,0,0,0,1,1,0,1,0,85,670,297,11,1,1,0,2,0,1,3,0,1,0,0,1,1,0,2,0,1,0,1,0,0,0,1,0,0,0,0,0,0,1]},"val/corr":0.640505850315094,"parameters/core.Q":{"_type":"histogram","values":[11,57,286,467,206,23,6,0,0,0,0,0,0,0,0,0,0,0,0,0,0,0,0,0,0,0,0,0,1,0,0,0,0,0,0,0,0,0,0,0,0,0,0,0,0,0,0,0,0,0,0,0,0,0,0,0,0,0,0,0,0,0,6,26],"bins":[-0.13245239853858948,-0.09263582527637482,-0.05281925946474075,-0.013002689927816391,0.02681387960910797,0.06663045287132263,0.1064470186829567,0.14626358449459076,0.18608015775680542,0.22589673101902008,0.26571330428123474,0.3055298626422882,0.34534645080566406,0.38516300916671753,0.424979567527771,0.46479615569114685,0.5046126842498779,0.5444293022155762,0.5842458605766296,0.6240624189376831,0.6638789772987366,0.70369553565979,0.7435121536254883,0.7833287119865417,0.8231452703475952,0.8629618287086487,0.9027783870697021,0.9425950050354004,0.9824115633964539,1.0222281217575073,1.0620447397232056,1.1018612384796143,1.141677737236023,1.1814943552017212,1.2213108539581299,1.2611274719238281,1.3009439706802368,1.340760588645935,1.3805772066116333,1.420393705368042,1.4602103233337402,1.500026822090149,1.5398434400558472,1.5796600580215454,1.619476556777954,1.6592931747436523,1.699109673500061,1.7389262914657593,1.778742790222168,1.8185594081878662,1.8583760261535645,1.8981925249099731,1.9380091428756714,1.97782564163208,2.0176422595977783,2.0574588775634766,2.097275495529175,2.137091875076294,2.176908493041992,2.2167251110076904,2.2565417289733887,2.296358346939087,2.336174726486206,2.3759913444519043,2.4158079624176025]},"_timestamp":1.7605030858274121e+09,"gradients/core.Q":{"_type":"histogram","values":[1,0,0,0,0,0,0,1,0,0,0,1,0,0,1,0,0,0,0,0,0,1,0,2,2,8,29,31,52,87,123,145,183,127,107,90,48,20,10,8,2,0,0,1,1,1,1,1,0,0,1,0,1,0,1,1,0,0,0,0,0,0,0,1],"bins":[-0.018557092174887657,-0.017981257289648056,-0.017405424267053604,-0.016829591244459152,-0.01625375635921955,-0.01567792147397995,-0.015102088451385498,-0.014526254497468472,-0.013950420543551445,-0.013374586589634418,-0.012798752635717392,-0.012222918681800365,-0.011647084727883339,-0.011071250773966312,-0.010495416820049286,-0.00991958286613226,-0.009343748912215233,-0.008767914958298206,-0.00819208100438118,-0.007616247050464153,-0.007040413096547127,-0.0064645791426301,-0.005888745188713074,-0.005312911234796047,-0.004737077280879021,-0.004161243326961994,-0.0035854093730449677,-0.003009575419127941,-0.0024337414652109146,-0.001857907511293888,-0.0012820735573768616,-0.000706239603459835,-0.0001304037868976593,0.0004454301670193672,0.0010212641209363937,0.0015970980748534203,0.0021729320287704468,0.0027487659826874733,0.0033245999366045,0.0039004338905215263,0.004476267844438553,0.005052101798355579,0.005627935752272606,0.006203769706189632,0.006779603660106659,0.0073554376140236855,0.007931271567940712,0.008507105521857738,0.009082939475774765,0.009658773429691792,0.010234607383608818,0.010810441337525845,0.011386275291442871,0.011962109245359898,0.012537943199276924,0.01311377715319395,0.013689611107110977,0.014265445061028004,0.01484127901494503,0.015417112968862057,0.015992946922779083,0.016568779945373535,0.017144614830613136,0.017720449715852737,0.01829628273844719]},"train/y_pred_mean":-0.009345774538815022,"lr":0.001,"parameters/core.V":{"bins":[-0.01891425997018814,0.019283559173345566,0.05748137831687927,0.09567919373512268,0.1338770091533661,0.1720748394727707,0.2102726548910141,0.2484704703092575,0.2866683006286621,0.3248661160469055,0.3630639314651489,0.40126174688339233,0.43945956230163574,0.47765737771987915,0.5158551931381226,0.554053008556366,0.5922508239746094,0.6304486393928528,0.6686464548110962,0.7068443298339844,0.7450421452522278,0.7832399606704712,0.8214377760887146,0.859635591506958,0.8978334069252014,0.9360312223434448,0.9742290377616882,1.0124268531799316,1.0506247282028198,1.0888224840164185,1.1270203590393066,1.1652181148529053,1.2034159898757935,1.2416138648986816,1.2798116207122803,1.3180094957351685,1.356207251548767,1.3944051265716553,1.432602882385254,1.470800757408142,1.5089985132217407,1.547196388244629,1.5853941440582275,1.6235920190811157,1.6617897748947144,1.6999876499176025,1.7381854057312012,1.7763832807540894,1.8145811557769775,1.8527789115905762,1.8909767866134644,1.929174542427063,1.9673724174499512,2.00557017326355,2.0437679290771484,2.081965923309326,2.120163679122925,2.1583614349365234,2.196559190750122,2.2347571849823,2.2729549407958984,2.311152696609497,2.3493504524230957,2.3875484466552734,2.425746202468872],"_type":"histogram","values":[1056,0,0,0,0,0,0,0,0,0,0,0,0,0,0,0,0,0,0,0,0,0,0,0,0,0,32,0,0,0,0,0,0,0,0,0,0,0,0,0,0,0,0,0,0,0,0,0,0,0,0,0,0,0,0,0,0,0,0,0,0,0,0,1]},"_wandb":{"runtime":865},"_step":2000,"parameters/core.K":{"_type":"histogram","values":[2,2,1,1,0,1,0,0,0,1,1,0,1,1,0,0,0,0,1,0,0,4,111,587,314,14,0,0,0,0,2,2,0,0,0,1,2,0,1,1,0,2,3,0,0,0,1,0,0,0,0,0,0,0,0,0,0,0,0,0,0,0,0,32],