{"_timestamp":1.760562807551908e+09,"gradients/core.K":{"bins":[-0.07605592161417007,-0.07341024279594421,-0.07076455652713776,-0.0681188777089119,-0.06547319889068604,-0.06282752007246017,-0.060181837528944016,-0.057536154985427856,-0.054890476167201996,-0.052244797348976135,-0.049599114805459976,-0.04695343226194382,-0.04430775344371796,-0.041662074625492096,-0.03901639208197594,-0.03637070953845978,-0.03372503072023392,-0.031079350039362907,-0.028433669358491898,-0.025787988677620888,-0.023142307996749878,-0.020496627315878868,-0.01785094663500786,-0.015205265954136848,-0.012559585273265839,-0.009913904592394829,-0.007268223911523819,-0.004622543230652809,-0.0019768625497817993,0.0006688181310892105,0.0033144988119602203,0.00596017949283123,0.008605852723121643,0.011251533403992653,0.013897214084863663,0.016542894765734673,0.019188575446605682,0.021834256127476692,0.024479936808347702,0.027125617489218712,0.02977129817008972,0.03241697698831558,0.03506265953183174,0.0377083420753479,0.04035402089357376,0.04299969971179962,0.04564538225531578,0.04829106479883194,0.0509367436170578,0.05358242243528366,0.05622810497879982,0.05887378752231598,0.06151946634054184,0.0641651451587677,0.06681083142757416,0.06945651024580002,0.07210218906402588,0.07474786788225174,0.0773935467004776,0.08003923296928406,0.08268491178750992,0.08533059060573578,0.08797627687454224,0.0906219556927681,0.09326763451099396],"_type":"histogram","values":[1,1,0,0,0,1,0,1,0,0,0,0,1,1,0,0,0,0,1,1,1,1,3,1,3,17,64,201,362,262,118,32,6,3,1,1,0,1,0,0,0,0,0,1,1,0,0,0,0,0,0,1,0,0,0,0,0,0,0,0,0,0,0,1]},"train/corr":0.26262766122817993,"val/corr":0.2509118616580963,"parameters/core.Q":{"_type":"histogram","values":[30,252,512,224,37,1,0,0,0,0,0,0,0,0,0,0,0,0,0,0,0,0,0,0,0,0,0,0,0,0,0,0,0,0,0,0,0,0,0,0,0,0,0,0,0,0,0,0,1,0,0,0,0,0,0,0,0,0,0,0,2,9,10,11],"bins":[-0.05261877551674843,-0.031110098585486412,-0.009601421654224396,0.01190725527703762,0.03341593220829964,0.054924607276916504,0.07643328607082367,0.09794196486473083,0.119450643658638,0.14095932245254517,0.16246798634529114,0.1839766651391983,0.20548534393310547,0.22699402272701263,0.2485027015209198,0.27001136541366577,0.29152005910873413,0.3130287230014801,0.33453741669654846,0.35604608058929443,0.3775547742843628,0.39906343817710876,0.42057210206985474,0.4420807957649231,0.46358945965766907,0.4850981533527374,0.5066068172454834,0.5281155109405518,0.5496242046356201,0.5711328387260437,0.5926415324211121,0.6141502261161804,0.6356589198112488,0.6571676135063171,0.6786762475967407,0.7001849412918091,0.7216936349868774,0.7432023286819458,0.7647109627723694,0.7862196564674377,0.8077283501625061,0.8292369842529297,0.850745677947998,0.8722543716430664,0.8937630653381348,0.9152716994285583,0.9367803931236267,0.9582890868186951,0.9797977209091187,1.001306414604187,1.0228151082992554,1.0443238019943237,1.065832495689392,1.0873411893844604,1.1088497638702393,1.1303584575653076,1.151867151260376,1.1733758449554443,1.1948845386505127,1.216393232345581,1.2379019260406494,1.2594105005264282,1.2809191942214966,1.302427887916565,1.3239365816116333]},"train/y_true_mean":0.01834545098245144,"_runtime":91.052135248,"parameters/core.K":{"bins":[-0.08395402133464813,-0.06173953413963318,-0.039525046944618225,-0.01731055974960327,0.004903927445411682,0.027118414640426636,0.04933290183544159,0.07154738903045654,0.0937618762254715,0.11597636342048645,0.1381908506155014,0.16040533781051636,0.1826198250055313,0.20483431220054626,0.22704879939556122,0.24926328659057617,0.27147775888442993,0.2936922609806061,0.3159067630767822,0.338121235370636,0.36033570766448975,0.3825502097606659,0.40476471185684204,0.4269791841506958,0.44919365644454956,0.4714081585407257,0.49362266063690186,0.5158371329307556,0.5380516052246094,0.5602661371231079,0.5824806094169617,0.6046950817108154,0.626909613609314,0.6491240859031677,0.6713385581970215,0.69355309009552,0.7157675623893738,0.7379820346832275,0.7601965665817261,0.7824110388755798,0.8046255111694336,0.8268399834632874,0.8490544557571411,0.8712689876556396,0.8934834599494934,0.9156979322433472,0.9379124641418457,0.9601269364356995,0.9823414087295532,1.0045559406280518,1.0267703533172607,1.0489848852157593,1.0711994171142578,1.0934138298034668,1.1156283617019653,1.1378427743911743,1.1600573062896729,1.1822718381881714,1.2044862508773804,1.226700782775879,1.248915195465088,1.2711297273635864,1.293344259262085,1.315558671951294,1.3377732038497925],"_type":"histogram","values":[2,13,148,463,348,74,6,1,1,0,0,0,1,0,0,0,0,0,0,0,0,0,0,0,0,0,0,0,0,0,0,0,0,0,0,0,0,0,0,0,0,0,0,0,0,0,0,0,0,0,0,0,0,0,0,0,0,0,0,0,2,11,9,10]},"train/mse":0.9152237772941589,"gradients/core.Q":{"values":[2,0,0,0,5,2,2,2,3,2,6,6,10,12,10,14,16,21,25,23,31,38,42,40,47,45,47,52,85,42,40,45,44,44,42,42,26,21,25,27,18,18,12,9,10,8,8,5,4,1,2,3,1,0,0,0,1,1,1,0,0,0,0,1],"bins":[-0.011251730844378471,-0.010861747898161411,-0.010471764951944351,-0.010081782005727291,-0.009691799059510231,-0.009301816113293171,-0.00891183316707611,-0.00852185022085905,-0.00813186727464199,-0.007741884794086218,-0.007351901847869158,-0.006961918901652098,-0.006571936421096325,-0.006181953474879265,-0.005791970528662205,-0.005401987582445145,-0.0050120046362280846,-0.0046220216900110245,-0.004232038743793964,-0.003842056030407548,-0.003452073084190488,-0.0030620901379734278,-0.0026721074245870113,-0.0022821244783699512,-0.0018921415321528912,-0.001502158585935831,-0.0011121757561340928,-0.0007221928681246936,-0.00033220998011529446,5.777290789410472e-05,0.0004477557959035039,0.0008377386839129031,0.0012277215719223022,0.0016177045181393623,0.0020076874643564224,0.002397670177742839,0.002787653123959899,0.003177636070176959,0.0035676187835633755,0.0039576017297804356,0.004347584675997496,0.004737567622214556,0.005127550568431616,0.005517533514648676,0.005907515995204449,0.006297498941421509,0.006687481887638569,0.007077464833855629,0.007467447780072689,0.00785743072628975,0.00824741367250681,0.00863739661872387,0.00902737956494093,0.00941736251115799,0.00980734545737505,0.01019732840359211,0.010587310418486595,0.010977293364703655,0.011367276310920715,0.011757259257137775,0.012147242203354836,0.012537225149571896,0.012927208095788956,0.013317191042006016,0.013707173988223076],"_type":"histogram"},"train/y_pred_mean":-0.010623021051287651,"_wandb":{"runtime":91},"lr":0.001,"parameters/core.V":{"_type":"histogram","values":[10,1041,5,0,0,0,0,0,0,0,0,0,0,0,0,0,0,0,0,0,0,0,0,0,0,0,0,0,0,0,0,0,0,0,0,0,0,0,0,0,0,0,32,0,0,0,0,0,0,0,0,0,0,0,0,0,0,0,0,0,0,0,0,1],"bins":[-0.03479079529643059,-0.010308215394616127,0.014174364507198334,0.038656942546367645,0.06313952803611755,0.08762210607528687,0.11210468411445618,0.1365872621536255,0.1610698401927948,0.1855524182319641,0.21003499627113342,0.23451758921146393,0.25900015234947205,0.28348273038864136,0.30796533823013306,0.33244791626930237,0.3569304943084717,0.381413072347641,0.4058956503868103,0.4303782284259796,0.4548608064651489,0.47934338450431824,0.5038259625434875,0.5283085703849792,0.5527911186218262,0.5772737264633179,0.6017562747001648,0.6262388825416565,0.6507214307785034,0.6752040386199951,0.699686586856842,0.7241691946983337,0.7486518025398254,0.7731344103813171,0.7976169586181641,0.8220995664596558,0.8465821146965027,0.8710647225379944,0.8955472707748413,0.920029878616333,0.9445124268531799,0.9689950346946716,0.9934775829315186,1.0179601907730103,1.042442798614502,1.066925287246704,1.0914078950881958,1.1158905029296875,1.1403731107711792,1.164855718612671,1.189338207244873,1.2138208150863647,1.2383034229278564,1.2627860307693481,1.2872685194015503,1.311751127243042,1.3362337350845337,1.3607163429260254,1.3851988315582275,1.4096814393997192,1.434164047241211,1.4586466550827026,1.4831291437149048,1.5076117515563965,1.5320943593978882]},"val/mse":0.9888699054718018,"_step":2000,"gradients/core.V":{"values":[1,1,1,0,0,0,0,1,0,2,0,1,0,0,0,0,0,0,0,1,2,1,1,1,0,0,2,3,0,0,1056,0,0,1,3,1,2,0,0,1,0,0,0,0,0,0,0,1,0,1,0,0,1,0,0,0,1,0,0,0,0,1,0,2],