{"train/y_true_mean":0.007460377179086208,"train/y_pred_mean":0.03273337334394455,"parameters/core.K":{"bins":[-0.860771894454956,-0.8092556595802307,-0.7577394843101501,-0.7062232494354248,-0.6547070741653442,-0.6031908392906189,-0.5516746640205383,-0.500158429145813,-0.44864222407341003,-0.3971260190010071,-0.3456098139286041,-0.29409360885620117,-0.24257738888263702,-0.19106118381023407,-0.13954496383666992,-0.08802875876426697,-0.036512553691864014,0.015003655105829239,0.06651986390352249,0.11803607642650604,0.169552281498909,0.22106848657131195,0.2725847065448761,0.32410091161727905,0.375617116689682,0.42713332176208496,0.4786495268344879,0.5301657319068909,0.5816819667816162,0.6331981420516968,0.6847143769264221,0.7362305521965027,0.787746787071228,0.8392630219459534,0.8907791972160339,0.9422954320907593,0.9938116073608398,1.0453277826309204,1.0968440771102905,1.148360252380371,1.1998764276504517,1.2513927221298218,1.3029088973999023,1.354425072669983,1.4059412479400635,1.4574575424194336,1.5089737176895142,1.5604898929595947,1.6120061874389648,1.6635223627090454,1.715038537979126,1.7665547132492065,1.8180710077285767,1.8695871829986572,1.9211033582687378,1.9726195335388184,2.0241358280181885,2.0756521224975586,2.1271681785583496,2.1786844730377197,2.2302005290985107,2.281716823577881,2.333233118057251,2.384749174118042,2.436265468597412],"_type":"histogram","values":[1,0,1,1,0,0,1,1,0,0,3,2,2,3,3,25,822,180,1,1,2,0,0,1,1,3,0,1,1,0,0,0,1,0,0,0,0,0,0,0,0,0,0,0,0,0,0,0,0,0,0,0,0,0,0,0,0,0,0,0,0,0,6,26]},"lr":0.001,"train/corr":0.719135582447052,"parameters/core.V":{"_type":"histogram","values":[10,1046,0,0,0,0,0,0,0,0,0,0,0,0,0,0,0,0,0,0,0,0,0,0,0,32,0,0,0,0,0,0,0,0,0,0,0,0,0,0,0,0,0,0,0,0,0,0,0,0,0,0,0,0,0,0,0,0,0,0,0,0,0,1],"bins":[-0.05000177025794983,-0.00938042625784874,0.03124091774225235,0.07186226546764374,0.11248360574245453,0.15310494601726532,0.1937263011932373,0.2343476414680481,0.2749689817428589,0.3155903220176697,0.35621166229248047,0.39683300256729126,0.43745434284210205,0.47807571291923523,0.5186970233917236,0.5593183636665344,0.5999397039413452,0.6405611038208008,0.6811824440956116,0.7218037843704224,0.7624251246452332,0.803046464920044,0.8436678051948547,0.8842891454696655,0.9249104857444763,0.9655318260192871,1.0061532258987427,1.0467745065689087,1.0873959064483643,1.1280171871185303,1.1686385869979858,1.2092598676681519,1.2498811483383179,1.2905025482177734,1.3311238288879395,1.371745228767395,1.412366509437561,1.4529879093170166,1.4936091899871826,1.5342305898666382,1.5748518705368042,1.6154732704162598,1.6560945510864258,1.6967159509658813,1.7373372316360474,1.777958631515503,1.818579912185669,1.8592013120651245,1.89982271194458,1.940443992614746,1.9810653924942017,2.0216867923736572,2.0623080730438232,2.1029293537139893,2.1435506343841553,2.1841721534729004,2.2247934341430664,2.2654147148132324,2.3060359954833984,2.3466575145721436,2.3872787952423096,2.4279000759124756,2.4685213565826416,2.5091428756713867,2.5497641563415527]},"val/mse":0.5144753456115723,"val/corr":0.6771048307418823,"_timestamp":1.7605628513077369e+09,"train/mse":0.4815431237220764,"_runtime":134.908472448,"parameters/core.Q":{"_type":"histogram","values":[238,754,64,0,0,0,0,0,0,0,0,0,0,0,0,0,0,0,0,0,0,0,0,0,0,0,0,1,0,0,0,0,0,0,0,0,0,0,0,0,0,0,0,0,0,0,0,0,0,0,0,0,0,0,0,0,0,0,0,0,0,0,12,20],"bins":[-0.05158758535981178,-0.012819536030292511,0.02594851329922676,0.06471656262874603,0.1034846156835556,0.14225265383720398,0.18102070689201355,0.21978875994682312,0.2585568130016327,0.29732486605644226,0.33609291911125183,0.374860942363739,0.4136289954185486,0.45239704847335815,0.4911651015281677,0.5299331545829773,0.5687012076377869,0.6074692606925964,0.646237313747406,0.6850053668022156,0.7237734198570251,0.7625414729118347,0.8013095259666443,0.8400775194168091,0.8788455724716187,0.9176136255264282,0.9563816785812378,0.9951497316360474,1.033917784690857,1.0726858377456665,1.111453890800476,1.1502219438552856,1.1889899969100952,1.2277580499649048,1.2665261030197144,1.305294156074524,1.3440622091293335,1.382830262184143,1.4215983152389526,1.4603663682937622,1.4991344213485718,1.5379024744033813,1.576670527458191,1.6154385805130005,1.65420663356781,1.6929746866226196,1.7317427396774292,1.7705107927322388,1.8092787265777588,1.8480467796325684,1.886814832687378,1.9255828857421875,1.964350938796997,2.0031189918518066,2.041887044906616,2.080655097961426,2.1194231510162354,2.158191204071045,2.1969592571258545,2.235727310180664,2.2744953632354736,2.313263416290283,2.3520314693450928,2.3907995223999023,2.429567575454712]},"gradients/core.Q":{"values":[1,0,0,0,0,0,0,0,1,0,0,0,0,0,0,0,0,0,0,0,0,1,1,1,2,2,1,0,2,3,2,4,4,2,6,15,18,29,34,44,52,58,64,77,86,114,77,77,73,50,48,34,22,23,27,8,8,7,3,3,3,0,0,2],"bins":[-0.026785921305418015,-0.026191046461462975,-0.025596169754862785,-0.025001294910907745,-0.024406418204307556,-0.023811543360352516,-0.023216668516397476,-0.022621791809797287,-0.022026916965842247,-0.021432042121887207,-0.020837165415287018,-0.020242290571331978,-0.019647415727376938,-0.01905253902077675,-0.01845766417682171,-0.01786278747022152,-0.01726791262626648,-0.01667303778231144,-0.01607816107571125,-0.01548328623175621,-0.014888410456478596,-0.014293534681200981,-0.013698659837245941,-0.013103784061968327,-0.012508908286690712,-0.011914032511413097,-0.011319156736135483,-0.010724281892180443,-0.010129406116902828,-0.009534530341625214,-0.008939655497670174,-0.008344779722392559,-0.007749905809760094,-0.007155030034482479,-0.006560154724866152,-0.0059652794152498245,-0.00537040363997221,-0.004775527864694595,-0.004180652555078268,-0.003585777012631297,-0.002990901470184326,-0.0023960259277373552,-0.0018011503852903843,-0.0012062748428434134,-0.0006113993003964424,-1.6523757949471474e-05,0.0005783517844974995,0.0011732273269444704,0.0017681028693914413,0.0023629784118384123,0.0029578539542853832,0.003552729496732354,0.004147605039179325,0.00474248081445694,0.005337356124073267,0.005932231433689594,0.006527107208967209,0.0071219829842448235,0.007716858293861151,0.008311733603477478,0.008906609378755093,0.009501485154032707,0.010096359997987747,0.010691235773265362,0.011286111548542976],"_type":"histogram"},"gradients/core.K":{"values":[1,0,0,0,0,0,0,0,0,0,0,0,0,1,1,0,0,0,0,0,0,0,0,1,1,0,1,2,0,0,1,1,0,1,0,2,1,0,0,0,1,1,1,6,63,343,500,135,15,1,0,0,2,0,0,0,1,0,1,3,0,0,1,1],"bins":[-0.17896577715873718,-0.1750871241092682,-0.171208456158638,-0.167329803109169,-0.1634511500597,-0.15957248210906982,-0.15569382905960083,-0.15181517601013184,-0.14793652296066284,-0.14405785501003265,-0.14017920196056366,-0.13630054891109467,-0.13242188096046448,-0.12854322791099548,-0.12466456741094589,-0.1207859143614769,-0.11690725386142731,-0.11302859336137772,-0.10914994031190872,-0.10527127981185913,-0.10139262676239014,-0.09751396626234055,-0.09363530576229095,-0.08975665271282196,-0.08587799221277237,-0.08199933171272278,-0.07812067866325378,-0.0742420181632042,-0.0703633576631546,-0.06648470461368561,-0.06260604411363602,-0.058727387338876724,-0.05484873056411743,-0.05097007378935814,-0.047091417014598846,-0.043212756514549255,-0.03933409973978996,-0.03545544296503067,-0.03157678246498108,-0.027698125690221786,-0.023819468915462494,-0.0199408121407032,-0.01606215350329876,-0.012183495797216892,-0.008304838091135025,-0.004426180385053158,-0.0005475226789712906,0.0033311350271105766,0.007209792733192444,0.011088450439274311,0.014967108145356178,0.01884576678276062,0.022724423557519913,0.026603080332279205,0.030481738969683647,0.03436039760708809,0.03823905438184738,0.042117711156606674,0.04599636793136597,0.04987502843141556,0.05375368520617485,0.05763234198093414,0.061511002480983734,0.06538965553045273,0.06926831603050232],"_type":"histogram"},"_wandb":{"runtime":134},"_step":2000,"gradients/core.V":{"_type":"histogram","values":[1,0,0,0,0,0,1,0,1,0,0,0,0,0,2,0,0,0,1,0,0,1,1,1,3,1,0,0,0,0,1,1,1,0,1057,1,0,2,0,0,0,2,3,0,0,2,0,0,0,0,1,2,0,0,1,0,0,0,0,0,0,1,0,1],