{"train/y_pred_mean":-0.007896538823843002,"_wandb":{"runtime":892},"parameters/core.V":{"_type":"histogram","values":[1053,3,0,0,0,0,0,0,0,0,0,0,0,0,0,0,0,0,0,0,0,0,0,0,0,0,32,0,0,0,0,0,0,0,0,0,0,0,0,0,0,0,0,0,0,0,0,0,0,0,0,0,0,0,0,0,0,0,0,0,0,0,0,1],"bins":[-0.024262649938464165,0.01441834308207035,0.05309933423995972,0.09178032726049423,0.13046132028102875,0.16914232075214386,0.20782330632209778,0.2465043067932129,0.285185307264328,0.3238662779331207,0.36254727840423584,0.40122827887535095,0.43990927934646606,0.4785902500152588,0.5172712802886963,0.555952250957489,0.5946332216262817,0.6333142518997192,0.671995222568512,0.7106761932373047,0.7493572235107422,0.7880381941795349,0.8267192244529724,0.8654001951217651,0.9040811657905579,0.9427621960639954,0.9814431667327881,1.0201241970062256,1.0588051080703735,1.097486138343811,1.1361671686172485,1.1748480796813965,1.213529109954834,1.2522101402282715,1.2908910512924194,1.329572081565857,1.3682531118392944,1.4069340229034424,1.4456150531768799,1.4842960834503174,1.5229771137237549,1.5616580247879028,1.6003390550613403,1.6390200853347778,1.6777009963989258,1.7163820266723633,1.7550630569458008,1.7937439680099487,1.8324249982833862,1.8711060285568237,1.9097869396209717,1.9484679698944092,1.9871490001678467,2.025830030441284,2.0645110607147217,2.10319185256958,2.1418728828430176,2.180553913116455,2.2192349433898926,2.25791597366333,2.2965970039367676,2.335277795791626,2.3739588260650635,2.412639856338501,2.4513208866119385]},"_timestamp":1.7605636346675818e+09,"gradients/core.V":{"_type":"histogram","values":[1,0,0,0,0,0,0,1,1,0,1,0,1,0,0,1,1,3,1,3,1,1057,1,1,1,2,2,1,1,0,1,0,2,1,0,0,1,0,1,1,0,0,0,0,0,0,0,0,0,0,0,0,0,0,0,0,0,0,0,0,0,0,0,1],"bins":[-0.006668411195278168,-0.006358517333865166,-0.006048623472452164,-0.005738729611039162,-0.00542883574962616,-0.005118941888213158,-0.004809048026800156,-0.004499154165387154,-0.004189260303974152,-0.0038793664425611496,-0.0035694725811481476,-0.0032595787197351456,-0.0029496848583221436,-0.0026397909969091415,-0.0023298971354961395,-0.0020200032740831375,-0.0017101094126701355,-0.0014002155512571335,-0.0010903216898441315,-0.0007804278284311295,-0.00047053396701812744,-0.00016064010560512543,0.0001492537558078766,0.0004591476172208786,0.0007690414786338806,0.0010789353400468826,0.0013888292014598846,0.0016987230628728867,0.0020086169242858887,0.0023185107856988907,0.0026284046471118927,0.0029382985085248947,0.003248191438615322,0.003558085300028324,0.003867979161441326,0.004177873022854328,0.00448776688426733,0.004797660745680332,0.005107554607093334,0.005417448468506336,0.005727342329919338,0.00603723619133234,0.006347130052745342,0.006657023914158344,0.006966917775571346,0.007276811636984348,0.00758670549839735,0.007896599359810352,0.008206493221223354,0.008516387082636356,0.008826280944049358,0.00913617480546236,0.009446068666875362,0.009755962528288364,0.010065856389701366,0.010375750251114368,0.01068564411252737,0.010995537973940372,0.011305431835353374,0.011615325696766376,0.011925219558179379,0.01223511341959238,0.012545007281005383,0.012854901142418385,0.013164795003831387]},"val/mse":0.5578016042709351,"_step":2000,"lr":0.001,"gradients/core.K":{"_type":"histogram","values":[1,0,0,0,0,0,0,0,2,0,0,0,0,0,1,0,0,0,0,2,0,0,0,0,1,0,0,1,1,0,0,100,665,289,9,1,0,2,2,0,1,1,1,0,1,1,0,1,1,1,0,0,1,2,0,0,0,0,0,0,0,0,0,1],"bins":[-0.0861165001988411,-0.08348128944635391,-0.08084608614444733,-0.07821087539196014,-0.07557566463947296,-0.07294046133756638,-0.0703052505850792,-0.06767003983259201,-0.06503483653068542,-0.06239962577819824,-0.05976441502571106,-0.057129207998514175,-0.05449400097131729,-0.05185879021883011,-0.049223583191633224,-0.04658837243914604,-0.04395316541194916,-0.041317958384752274,-0.03868274763226509,-0.03604754060506821,-0.033412329852581024,-0.03077712282538414,-0.028141915798187256,-0.025506706908345222,-0.02287149801850319,-0.020236289128661156,-0.017601080238819122,-0.014965873211622238,-0.012330664321780205,-0.009695455431938171,-0.007060247473418713,-0.0044250390492379665,-0.0017898306250572205,0.0008453777991235256,0.0034805862233042717,0.006115794647485018,0.008751003071665764,0.011386211961507797,0.014021419920027256,0.016656627878546715,0.019291836768388748,0.02192704565823078,0.024562254548072815,0.0271974615752697,0.029832670465111732,0.032467879354953766,0.03510308638215065,0.03773829713463783,0.04037350416183472,0.0430087111890316,0.045643921941518784,0.04827912896871567,0.05091433972120285,0.053549546748399734,0.05618475377559662,0.0588199645280838,0.061455171555280685,0.06409037858247757,0.06672558933496475,0.06936080008745193,0.07199600338935852,0.0746312141418457,0.07726642489433289,0.07990162819623947,0.08253683894872665]},"train/y_true_mean":0.030507229268550873,"val/corr":0.6842870712280273,"parameters/core.K":{"values":[2,1,1,1,0,2,0,0,1,0,0,0,0,1,0,0,1,0,1,3,0,0,38,276,469,220,22,1,0,1,1,1,1,0,0,1,2,0,0,0,4,0,0,1,2,0,1,1,0,1,0,0,0,0,0,0,0,0,0,0,0,0,3,29],"bins":[-1.511972427368164,-1.450036644935608,-1.3881007432937622,-1.326164960861206,-1.26422917842865,-1.2022933959960938,-1.140357494354248,-1.078421711921692,-1.0164859294891357,-0.9545500874519348,-0.8926142454147339,-0.8306784629821777,-0.7687426209449768,-0.7068068385124207,-0.6448709964752197,-0.5829352140426636,-0.5209993720054626,-0.4590635597705841,-0.39712774753570557,-0.335191935300827,-0.2732561230659485,-0.21132029592990875,-0.14938446879386902,-0.08744865655899048,-0.02551284432411194,0.0364229716360569,0.09835878759622574,0.16029460728168488,0.22223041951656342,0.28416624665260315,0.3461020588874817,0.40803787112236023,0.46997368335723877,0.5319095253944397,0.5938453078269958,0.6557811498641968,0.7177169322967529,0.7796527743339539,0.84158855676651,0.9035243988037109,0.9654601812362671,1.0273960828781128,1.089331865310669,1.151267647743225,1.2132034301757812,1.275139331817627,1.337075114250183,1.3990108966827393,1.460946798324585,1.5228825807571411,1.5848183631896973,1.6467541456222534,1.7086900472640991,1.7706258296966553,1.8325616121292114,1.8944973945617676,1.9564332962036133,2.018369197845459,2.0803048610687256,2.1422407627105713,2.204176425933838,2.2661123275756836,2.3280482292175293,2.389983892440796,2.4519197940826416],"_type":"histogram"},"train/mse":0.5505046248435974,"gradients/core.Q":{"values":[1,0,0,0,0,1,0,1,0,0,0,0,0,0,0,0,0,0,1,0,0,0,5,8,10,18,39,56,69,97,112,154,132,98,97,71,56,26,11,9,4,1,2,0,1,1,3,1,0,0,0,1,0,0,1,0,0,0,1,0,0,0,0,1],"bins":[-0.014440028928220272,-0.01398533210158348,-0.013530634343624115,-0.013075937516987324,-0.012621240690350533,-0.012166543863713741,-0.011711846105754375,-0.011257149279117584,-0.010802452452480793,-0.010347754694521427,-0.009893057867884636,-0.009438361041247845,-0.008983664214611053,-0.008528966456651688,-0.008074269630014896,-0.007619572803378105,-0.007164875511080027,-0.006710178218781948,-0.006255481392145157,-0.005800784099847078,-0.005346087273210287,-0.0048913899809122086,-0.004436693154275417,-0.003981995861977339,-0.003527298802509904,-0.003072601743042469,-0.002617904683575034,-0.0021632076241075993,-0.0017085104482248425,-0.0012538133887574077,-0.0007991162710823119,-0.00034441918251104653,0.00011027790606021881,0.0005649749655276537,0.0010196720249950886,0.0014743692008778453,0.0019290662603452802,0.002383763436228037,0.0028384604956954718,0.0032931575551629066,0.0037478546146303415,0.004202551674097776,0.004657248966395855,0.005111945793032646,0.005566643085330725,0.006021339911967516,0.0064760372042655945,0.006930734030902386,0.007385431323200464,0.007840128615498543,0.008294825442135334,0.008749522268772125,0.009204220026731491,0.009658916853368282,0.010113613680005074,0.010568310506641865,0.01102300826460123,0.011477705091238022,0.011932401917874813,0.012387099675834179,0.01284179650247097,0.013296493329107761,0.013751190155744553,0.014205887913703918,0.01466058474034071],"_type":"histogram"},"train/corr":0.6601847410202026,"parameters/core.Q":{"_type":"histogram",