{"_step":2000,"train/mse":0.528567373752594,"_runtime":120.922719599,"gradients/core.Q":{"values":[1,1,0,1,0,0,0,2,0,1,0,0,0,0,0,0,1,0,5,2,2,3,6,11,21,25,46,39,51,63,53,70,73,122,86,67,67,43,56,41,28,32,28,15,7,2,6,3,1,1,0,1,0,0,1,0,0,0,2,1,0,0,1,1],"bins":[-0.020870141685009003,-0.020252060145139694,-0.019633978605270386,-0.019015897065401077,-0.01839781552553177,-0.01777973398566246,-0.017161652445793152,-0.016543570905923843,-0.015925489366054535,-0.015307406894862652,-0.014689325354993343,-0.014071243815124035,-0.013453161343932152,-0.012835079804062843,-0.012216998264193535,-0.011598916724324226,-0.010980835184454918,-0.01036275364458561,-0.009744672104716301,-0.009126590564846992,-0.008508509024977684,-0.007890426553785801,-0.0072723450139164925,-0.006654263474047184,-0.0060361819341778755,-0.005418100394308567,-0.004800018854439259,-0.004181936848908663,-0.0035638553090393543,-0.002945773769170046,-0.0023276919964700937,-0.0017096103401854634,-0.001091526821255684,-0.0004734451649710536,0.0001446364913135767,0.000762718147598207,0.0013807998038828373,0.0019988813437521458,0.002616963116452098,0.00323504488915205,0.0038531264290213585,0.004471207968890667,0.005089289508759975,0.005707371514290571,0.00632545305415988,0.006943534594029188,0.007561616599559784,0.008179698139429092,0.008797779679298401,0.00941586121916771,0.010033942759037018,0.010652024298906326,0.011270105838775635,0.011888188309967518,0.012506269849836826,0.013124351389706135,0.013742432929575443,0.014360514469444752,0.01497859600931406,0.015596677549183369,0.016214760020375252,0.01683284156024456,0.01745092310011387,0.018069004639983177,0.018687086179852486],"_type":"histogram"},"train/y_pred_mean":0.027257751673460007,"parameters/core.Q":{"values":[137,781,138,0,0,0,0,0,0,0,0,0,0,0,0,0,0,0,0,0,0,0,0,0,0,0,1,0,0,0,0,0,0,0,0,0,0,0,0,0,0,0,0,0,0,0,0,0,0,0,0,0,0,0,0,0,0,0,0,0,0,0,6,26],"bins":[-0.05894842371344566,-0.019447576254606247,0.02005327120423317,0.059554118663072586,0.0990549623966217,0.13855580985546112,0.17805665731430054,0.21755750477313995,0.25705835223197937,0.29655921459198,0.3360600471496582,0.3755609095096588,0.41506174206733704,0.45456260442733765,0.49406343698501587,0.5335642695426941,0.5730651617050171,0.6125659942626953,0.6520668268203735,0.6915676593780518,0.7310685515403748,0.770569384098053,0.8100702166557312,0.8495710492134094,0.8890719413757324,0.9285727739334106,0.9680736064910889,1.007574439048767,1.0470752716064453,1.0865761041641235,1.1260770559310913,1.1655778884887695,1.2050786018371582,1.2445794343948364,1.2840802669525146,1.3235810995101929,1.363081932067871,1.4025828838348389,1.442083716392517,1.4815845489501953,1.5210853815078735,1.5605862140655518,1.60008704662323,1.6395878791809082,1.679088830947876,1.7185896635055542,1.7580904960632324,1.7975913286209106,1.8370921611785889,1.876592993736267,1.9160938262939453,1.9555946588516235,1.9950954914093018,2.0345964431762695,2.074097156524658,2.113598108291626,2.1530990600585938,2.1925997734069824,2.23210072517395,2.271601438522339,2.3111023902893066,2.3506031036376953,2.390104055404663,2.4296047687530518,2.4691057205200195],"_type":"histogram"},"gradients/core.V":{"bins":[-0.010896970517933369,-0.01055349875241518,-0.010210026986896992,-0.009866554290056229,-0.00952308252453804,-0.009179610759019852,-0.008836138993501663,-0.008492667227983475,-0.008149195462465286,-0.0078057232312858105,-0.007462251000106335,-0.007118779234588146,-0.006775307469069958,-0.006431835237890482,-0.0060883634723722935,-0.005744891241192818,-0.005401419475674629,-0.005057947710156441,-0.004714475478976965,-0.0043710037134587765,-0.004027531482279301,-0.003684059716761112,-0.0033405879512429237,-0.0029971159528940916,-0.0026536439545452595,-0.0023101719561964273,-0.001966699957847595,-0.0016232281923294067,-0.0012797561939805746,-0.0009362842538394034,-0.0005928123136982322,-0.00024934037355706096,9.413156658411026e-05,0.0004376035067252815,0.0007810754468664527,0.001124547328799963,0.0014680193271487951,0.0018114913254976273,0.0021549630910158157,0.002498435089364648,0.00284190708771348,0.003185379086062312,0.0035288510844111443,0.0038723228499293327,0.004215794615447521,0.004559266846626997,0.0049027386121451855,0.005246210843324661,0.00558968260884285,0.005933154374361038,0.006276626605540514,0.0066200983710587025,0.006963570602238178,0.007307042367756367,0.007650514133274555,0.007993985898792744,0.008337458595633507,0.008680930361151695,0.009024402126669884,0.009367873892188072,0.00971134565770626,0.01005481742322445,0.010398290120065212,0.0107417618855834,0.01108523365110159],"_type":"histogram","values":[1,0,0,0,0,0,0,0,0,0,2,0,0,0,0,2,3,1,1,0,0,2,1,1,0,0,2,0,1,0,0,1058,0,1,0,1,1,2,1,2,0,0,0,0,1,0,1,0,2,0,0,0,1,0,0,0,0,0,0,0,0,0,0,1]},"val/corr":0.6538828611373901,"_timestamp":1.7605628372700338e+09,"parameters/core.K":{"values":[1,1,1,2,0,1,0,1,2,1,1,3,39,848,137,1,1,1,0,2,1,4,1,1,0,0,1,2,2,0,2,0,0,0,0,0,0,0,0,0,0,0,0,0,0,0,0,0,0,0,0,0,0,0,0,0,0,0,0,0,0,0,2,30],"bins":[-0.6684315800666809,-0.6193190217018127,-0.5702064037322998,-0.5210938453674316,-0.4719812572002411,-0.42286866903305054,-0.3737561106681824,-0.3246435225009918,-0.27553093433380127,-0.22641834616661072,-0.17730577290058136,-0.128193199634552,-0.07908061146736145,-0.029968030750751495,0.01914454996585846,0.06825713068246841,0.11736971139907837,0.16648229956626892,0.21559487283229828,0.26470744609832764,0.3138200342655182,0.36293262243270874,0.4120451807975769,0.46115776896476746,0.510270357131958,0.5593829154968262,0.6084955334663391,0.6576080918312073,0.7067207098007202,0.7558332681655884,0.8049458265304565,0.8540584444999695,0.9031710624694824,0.9522836208343506,1.0013961791992188,1.0505088567733765,1.0996214151382446,1.1487339735031128,1.197846531867981,1.2469590902328491,1.2960717678070068,1.345184326171875,1.3942968845367432,1.4434094429016113,1.4925220012664795,1.5416345596313477,1.5907472372055054,1.6398597955703735,1.6889723539352417,1.7380849123001099,1.787197470664978,1.8363101482391357,1.885422706604004,1.934535264968872,1.9836478233337402,2.0327603816986084,2.0818729400634766,2.1309854984283447,2.180098056793213,2.22921085357666,2.2783234119415283,2.3274359703063965,2.3765485286712646,2.425661087036133,2.474773645401001],"_type":"histogram"},"train/y_true_mean":0.02986261621117592,"_wandb":{"runtime":120},"gradients/core.K":{"_type":"histogram","values":[1,0,1,0,0,0,0,0,0,0,0,1,1,1,0,1,1,0,0,1,0,1,2,1,0,0,1,1,0,1,1,1,1,7,95,364,441,140,11,0,0,0,3,0,0,1,0,0,1,0,0,0,1,0,1,0,1,2,0,0,1,0,0,2],"bins":[-0.13847452402114868,-0.13464084267616272,-0.13080714643001556,-0.1269734650850296,-0.12313976883888245,-0.11930608004331589,-0.11547239869832993,-0.11163870990276337,-0.10780502110719681,-0.10397133231163025,-0.10013764351606369,-0.09630395472049713,-0.09247026592493057,-0.08863657712936401,-0.08480288833379745,-0.0809691995382309,-0.07713551819324493,-0.07330182939767838,-0.06946814060211182,-0.06563445180654526,-0.0618007630109787,-0.05796707421541214,-0.05413338541984558,-0.05029969662427902,-0.04646600782871246,-0.0426323227584362,-0.038798633962869644,-0.034964945167303085,-0.031131256371736526,-0.027297569438815117,-0.023463880643248558,-0.01963019371032715,-0.01579650491476059,-0.011962817050516605,-0.008129129186272621,-0.004295440390706062,-0.0004617525264620781,0.0033719355706125498,0.007205623667687178,0.01103931199759245,0.014872999861836433,0.018706688657402992,0.022540375590324402,0.02637406438589096,0.03020775318145752,0.03404144197702408,0.03787512704730034,0.0417088158428669,0.045542504638433456,0.049376193434000015,0.053209882229566574,0.057043567299842834,0.06087725609540939,0.06471094489097595,0.06854463368654251,0.07237832248210907,0.07621201127767563,0.08004570007324219,0.08387938886880875,0.08771307021379471,0.09154675900936127,0.09538044780492783,0.09921413660049438,0.10304782539606094,0.1068815141916275]},"lr":0.001,"val/mse":0.5997304320335388,"train/corr":0.695199191570282,