{"gradients/core.K":{"bins":[-0.11640574038028717,-0.11342040449380875,-0.11043506115674973,-0.1074497252702713,-0.10446438193321228,-0.10147904604673386,-0.09849370270967484,-0.09550836682319641,-0.09252302348613739,-0.08953768759965897,-0.08655234426259995,-0.08356700837612152,-0.0805816650390625,-0.07759632915258408,-0.07461098581552505,-0.07162564992904663,-0.06864030659198761,-0.06565497070550919,-0.06266963481903076,-0.05968429148197174,-0.05669895187020302,-0.053713612258434296,-0.05072827264666557,-0.04774293303489685,-0.044757597148418427,-0.041772257536649704,-0.03878691792488098,-0.03580157831311226,-0.032816238701343536,-0.029830899089574814,-0.02684555947780609,-0.02386021986603737,-0.020874880254268646,-0.017889540642499924,-0.014904201030731201,-0.011918862350285053,-0.00893352273851633,-0.005948183126747608,-0.002962843980640173,2.2495398297905922e-05,0.003007834777235985,0.005993174389004707,0.00897851400077343,0.011963852681219578,0.0149491922929883,0.017934530973434448,0.02091987058520317,0.023905210196971893,0.026890549808740616,0.02987588942050934,0.03286122903227806,0.03584656864404678,0.038831908255815506,0.04181724786758423,0.04480258747935295,0.047787927091121674,0.0507732629776001,0.05375860258936882,0.05674394220113754,0.059729281812906265,0.06271462142467499,0.06569996476173401,0.06868530064821243,0.07167064398527145,0.07465597987174988],"_type":"histogram","values":[1,0,0,0,0,0,0,1,0,0,0,0,0,0,0,0,2,0,0,0,1,0,1,0,1,0,0,0,0,0,0,1,0,2,2,5,28,156,353,324,159,34,3,2,1,2,3,0,0,1,1,0,3,0,0,0,0,0,0,1,0,0,0,1]},"train/mse":0.9994350671768188,"_runtime":87.081626994,"val/mse":0.9026666879653931,"parameters/core.K":{"_type":"histogram","values":[1,2,23,191,472,302,59,5,1,0,0,0,0,1,0,0,0,0,0,0,0,0,0,0,0,0,0,0,0,0,0,0,0,0,0,0,0,0,0,0,0,0,0,0,0,0,0,0,0,0,0,0,0,0,0,0,0,0,0,1,5,13,10,3],"bins":[-0.09683093428611755,-0.0757269412279129,-0.054622940719127655,-0.033518943935632706,-0.012414947152137756,0.008689049631357193,0.029793046414852142,0.05089704319834709,0.07200103998184204,0.09310503304004669,0.11420903354883194,0.1353130340576172,0.15641702711582184,0.1775210201740265,0.19862502813339233,0.21972902119159698,0.24083301424980164,0.2619370222091675,0.28304100036621094,0.3041450083255768,0.3252490162849426,0.3463529944419861,0.36745700240135193,0.3885609805583954,0.40966498851776123,0.4307689964771271,0.45187297463417053,0.4729769825935364,0.49408096075057983,0.5151849985122681,0.5362889766693115,0.557392954826355,0.5784969329833984,0.5996009111404419,0.6207049489021301,0.6418089270591736,0.662912905216217,0.6840169429779053,0.7051209211349487,0.7262248992919922,0.7473288774490356,0.7684329152107239,0.7895368933677673,0.8106408715248108,0.831744909286499,0.8528488874435425,0.8739528656005859,0.8950569033622742,0.9161608815193176,0.9372648596763611,0.9583688974380493,0.9794728755950928,1.0005768537521362,1.0216808319091797,1.0427848100662231,1.0638889074325562,1.0849928855895996,1.106096863746643,1.1272008419036865,1.14830482006073,1.1694087982177734,1.1905128955841064,1.21161687374115,1.2327208518981934,1.2538248300552368]},"val/corr":0.24669115245342255,"train/y_pred_mean":-0.00020266315550543368,"train/y_true_mean":0.033050477504730225,"gradients/core.Q":{"_type":"histogram","values":[1,0,0,0,0,0,0,0,0,1,0,0,0,1,0,0,0,4,3,2,0,3,6,5,13,15,17,24,30,27,45,45,51,64,62,65,86,63,50,55,56,51,39,46,34,34,17,24,20,9,4,5,4,1,1,1,1,0,1,1,0,0,0,2],"bins":[-0.018909187987446785,-0.018396101891994476,-0.017883015796542168,-0.01736992970108986,-0.01685684360563755,-0.01634375751018524,-0.015830671414732933,-0.01531758438795805,-0.014804498292505741,-0.014291412197053432,-0.013778326101601124,-0.013265240006148815,-0.012752152979373932,-0.012239066883921623,-0.011725980788469315,-0.011212894693017006,-0.010699808597564697,-0.010186722502112389,-0.00967363640666008,-0.009160550311207771,-0.008647464215755463,-0.00813437718898058,-0.007621291093528271,-0.007108204998075962,-0.006595118902623653,-0.006082032807171345,-0.005568946711719036,-0.00505586015060544,-0.0045427740551531315,-0.004029687959700823,-0.0035166016314178705,-0.003003515303134918,-0.002490430139005184,-0.0019773440435528755,-0.0014642577152699232,-0.0009511715034022927,-0.00043808529153466225,7.500092033296824e-05,0.0005880871322005987,0.0011011733440682292,0.0016142595559358597,0.0021273456513881683,0.0026404319796711206,0.003153518307954073,0.0036666044034063816,0.00417969049885869,0.004692777059972286,0.005205863155424595,0.0057189492508769035,0.006232035346329212,0.006745121441781521,0.007258208002895117,0.0077712940983474255,0.008284380659461021,0.00879746675491333,0.009310552850365639,0.009823638945817947,0.010336725041270256,0.010849811136722565,0.011362897232174873,0.011875983327627182,0.012389070354402065,0.012902156449854374,0.013415242545306683,0.013928328640758991]},"gradients/core.V":{"values":[2,0,0,0,0,1,2,0,0,0,0,0,0,1,1,2,0,1,0,0,3,1,1,0,0,1,1,0,0,0,1056,0,1,2,1,0,0,0,1,0,1,0,0,1,0,1,1,0,0,2,1,0,0,0,1,0,0,0,0,0,0,1,1,1],"bins":[-0.0224262997508049,-0.021701402962207794,-0.020976506173610687,-0.02025160938501358,-0.019526712596416473,-0.018801813945174217,-0.01807691715657711,-0.017352020367980003,-0.016627123579382896,-0.01590222679078579,-0.015177330002188683,-0.014452432282269001,-0.013727535493671894,-0.013002638705074787,-0.012277740985155106,-0.011552844196557999,-0.010827947407960892,-0.010103050619363785,-0.009378153830766678,-0.008653256110846996,-0.00792835932224989,-0.0072034625336527824,-0.006478565279394388,-0.005753668025135994,-0.005028771236538887,-0.00430387444794178,-0.003578977193683386,-0.0028540801722556353,-0.0021291831508278847,-0.001404286129400134,-0.0006793891079723835,4.550791345536709e-05,0.0007704030722379684,0.001495300093665719,0.0022201971150934696,0.00294509413652122,0.003669991157948971,0.004394887946546078,0.005119785200804472,0.005844682455062866,0.006569579243659973,0.00729447603225708,0.008019372820854187,0.008744270540773869,0.009469167329370975,0.010194064117968082,0.010918961837887764,0.011643858626484871,0.012368755415081978,0.013093652203679085,0.013818548992276192,0.014543446712195873,0.01526834350079298,0.015993241220712662,0.01671813800930977,0.017443034797906876,0.018167931586503983,0.01889282837510109,0.019617725163698196,0.020342621952295303,0.02106751874089241,0.021792417392134666,0.022517314180731773,0.02324221096932888,0.023967107757925987],"_type":"histogram"},"_step":2000,"parameters/core.V":{"values":[6,1046,4,0,0,0,0,0,0,0,0,0,0,0,0,0,0,0,0,0,0,0,0,0,0,0,0,0,0,0,0,0,0,0,0,0,0,0,0,0,0,0,0,0,0,32,0,0,0,0,0,0,0,0,0,0,0,0,0,0,0,0,0,1],"bins":[-0.0341455340385437,-0.011431984603404999,0.011281564831733704,0.033995114266872406,0.05670866370201111,0.07942221313714981,0.10213576257228851,0.12484931200742722,0.14756286144256592,0.17027640342712402,0.19298996031284332,0.21570351719856262,0.23841705918312073,0.26113060116767883,0.2838441729545593,0.30655771493911743,0.32927125692367554,0.35198479890823364,0.37469834089279175,0.39741191267967224,0.42012545466423035,0.44283899664878845,0.46555256843566895,0.48826611042022705,0.5109796524047852,0.5336931943893433,0.5564067363739014,0.5791202783584595,0.6018338203430176,0.6245474219322205,0.6472609639167786,0.6699745059013367,0.69268798828125,0.7154015302658081,0.7381150722503662,0.7608286142349243,0.7835421562194824,0.8062557578086853,0.8289692997932434,0.8516828417778015,0.8743963837623596,0.8971099257469177,0.9198234677314758,0.9425370097160339,0.9652506113052368,0.9879641532897949,1.010677695274353,1.0333912372589111,1.0561047792434692,1.0788183212280273,1.1015318632125854,1.1242454051971436,1.1469589471817017,1.1696724891662598,1.1923860311508179,1.215099573135376,1.2378132343292236,1.2605267763137817,1.2832403182983398,1.305953860282898,1.328667402267456,1.3513809442520142,1.3740944862365723,1.3968080282211304,1.4195215702056885],"_type":"histogram"},"_wandb":{"runtime":87},