{"parameters/core.Q":{"values":[59,572,398,27,0,0,0,0,0,0,0,0,0,0,0,0,0,0,0,0,0,0,0,0,0,0,0,0,0,0,0,0,0,0,0,0,0,0,0,0,0,0,0,0,0,0,0,0,0,0,1,0,0,0,0,0,0,0,0,0,0,1,20,11],"bins":[-0.03862743824720383,-0.0182284414768219,0.002170555293560028,0.022569552063941956,0.04296854883432388,0.06336754560470581,0.08376654237508774,0.10416553914546967,0.12456453591585159,0.14496353268623352,0.16536253690719604,0.18576152622699738,0.2061605155467987,0.22655951976776123,0.24695852398872375,0.2673575282096863,0.2877565026283264,0.30815550684928894,0.32855451107025146,0.3489534854888916,0.3693524897098541,0.38975149393081665,0.4101504981517792,0.4305495023727417,0.45094847679138184,0.47134748101234436,0.4917464852333069,0.512145459651947,0.5325444936752319,0.5529434680938721,0.5733424425125122,0.5937414765357971,0.614140510559082,0.6345394849777222,0.6549385190010071,0.6753374934196472,0.6957365274429321,0.7161355018615723,0.7365344762802124,0.7569335103034973,0.7773324847221375,0.7977314591407776,0.8181304931640625,0.8385294675827026,0.8589284420013428,0.8793274760246277,0.8997264504432678,0.9201254844665527,0.9405244588851929,0.960923433303833,0.9813224673271179,1.0017215013504028,1.022120475769043,1.042519450187683,1.0629184246063232,1.0833173990249634,1.1037163734436035,1.1241154670715332,1.1445144414901733,1.1649134159088135,1.1853123903274536,1.2057113647460938,1.2261104583740234,1.2465094327926636,1.2669084072113037],"_type":"histogram"},"train/y_pred_mean":-0.0003641248622443527,"train/corr":0.2415560632944107,"train/mse":0.9548187255859375,"gradients/core.K":{"bins":[-0.02870410680770874,-0.02772163785994053,-0.026739168912172318,-0.025756699964404106,-0.024774231016635895,-0.023791760206222534,-0.022809291258454323,-0.02182682231068611,-0.0208443533629179,-0.01986188441514969,-0.018879415467381477,-0.017896946519613266,-0.016914475709199905,-0.015932006761431694,-0.014949537813663483,-0.013967068865895271,-0.01298459991812706,-0.012002130970358849,-0.011019662022590637,-0.010037192143499851,-0.00905472319573164,-0.008072254247963428,-0.00708978483453393,-0.006107315421104431,-0.00512484647333622,-0.004142377525568008,-0.0031599081121385098,-0.0021774389315396547,-0.0011949697509407997,-0.0002125005703419447,0.0007699686102569103,0.0017524377908557653,0.002734910696744919,0.003717379877343774,0.004699849057942629,0.0056823184713721275,0.006664787419140339,0.00764725636690855,0.008629726245999336,0.009612195193767548,0.010594664141535759,0.01157713308930397,0.012559602037072182,0.013542071916162968,0.014524540863931179,0.01550700981169939,0.016489479690790176,0.017471948638558388,0.0184544175863266,0.01943688653409481,0.020419355481863022,0.021401824429631233,0.022384293377399445,0.023366764187812805,0.024349233135581017,0.025331702083349228,0.02631417103111744,0.02729663997888565,0.028279108926653862,0.029261577874422073,0.030244048684835434,0.031226517632603645,0.03220898658037186,0.03319145366549492,0.03417392447590828],"_type":"histogram","values":[1,0,1,0,0,0,0,0,0,1,0,1,0,1,0,2,2,0,0,0,0,1,1,0,2,6,49,127,268,331,195,72,12,6,1,0,1,1,0,1,0,1,1,1,0,0,1,0,0,1,0,0,0,0,0,0,0,0,0,0,0,0,0,1]},"val/corr":0.23490366339683533,"parameters/core.K":{"values":[2,1,32,466,505,42,5,3,1,0,0,0,0,0,0,0,0,0,0,0,0,0,0,0,0,0,0,0,0,0,0,0,0,0,0,0,0,0,0,0,0,0,0,0,0,0,0,0,0,0,0,0,0,0,0,0,0,0,0,0,0,1,20,11],"bins":[-0.08576060831546783,-0.06447074562311172,-0.043180886656045914,-0.021891025826334953,-0.0006011649966239929,0.020688695833086967,0.04197855666279793,0.06326841562986374,0.08455827832221985,0.10584814101457596,0.12713800370693207,0.14842785894870758,0.1697177290916443,0.1910075843334198,0.2122974395751953,0.23358730971813202,0.25487715005874634,0.27616703510284424,0.29745689034461975,0.31874674558639526,0.3400366008281708,0.3613264560699463,0.3826163411140442,0.4039061963558197,0.4251960515975952,0.4464859068393707,0.46777576208114624,0.48906564712524414,0.5103554725646973,0.5316453576087952,0.5529352426528931,0.5742250680923462,0.5955149531364441,0.616804838180542,0.6380946636199951,0.659384548664093,0.6806743741035461,0.701964259147644,0.7232541441917419,0.7445439696311951,0.765833854675293,0.7871236801147461,0.808413565158844,0.8297034502029419,0.850993275642395,0.8722831606864929,0.893572986125946,0.914862871170044,0.9361526966094971,0.957442581653595,0.9787324666976929,1.000022292137146,1.0213121175765991,1.0426020622253418,1.063891887664795,1.085181713104248,1.1064716577529907,1.1277614831924438,1.149051308631897,1.1703412532806396,1.1916310787200928,1.212920904159546,1.234210729598999,1.2555006742477417,1.2767904996871948],"_type":"histogram"},"_timestamp":1.760563437361174e+09,"gradients/core.Q":{"bins":[-0.004392691422253847,-0.004258587956428528,-0.0041244844906032085,-0.003990381024777889,-0.00385627755895257,-0.0037221740931272507,-0.0035880706273019314,-0.003453967161476612,-0.003319863695651293,-0.003185760462656617,-0.003051656996831298,-0.0029175535310059786,-0.0027834500651806593,-0.00264934659935534,-0.0025152431335300207,-0.0023811396677047014,-0.002247036201879382,-0.002112932736054063,-0.0019788292702287436,-0.0018447258044034243,-0.001710622338578105,-0.0015765189891681075,-0.0014424155233427882,-0.001308312057517469,-0.0011742085916921496,-0.0010401051258668303,-0.0009060016600415111,-0.0007718982524238527,-0.0006377947865985334,-0.0005036913207732141,-0.00036958788405172527,-0.0002354844327783212,-0.00010138098150491714,3.272246976848692e-05,0.00016682592104189098,0.0003009293577633798,0.0004350328235886991,0.0005691362894140184,0.0007032396970316768,0.0008373431628569961,0.0009714466286823153,0.0011055500945076346,0.001239653560332954,0.0013737570261582732,0.0015078603755682707,0.00164196384139359,0.0017760673072189093,0.0019101707730442286,0.002044274238869548,0.002178377704694867,0.0023124811705201864,0.0024465846363455057,0.002580688102170825,0.0027147915679961443,0.0028488950338214636,0.002982998499646783,0.0031171017326414585,0.003251205198466778,0.003385308664292097,0.0035194121301174164,0.0036535155959427357,0.003787619061768055,0.003921722527593374,0.0040558259934186935,0.004189929459244013],"_type":"histogram","values":[1,1,1,0,1,1,1,1,2,4,2,4,6,4,8,10,11,13,14,14,17,26,28,23,33,30,39,33,41,46,42,46,81,39,45,34,45,27,37,38,30,30,22,30,25,13,28,10,8,12,7,6,2,3,2,1,5,1,0,0,2,1,1,1]},"_runtime":694.748679704,"val/mse":0.9341418147087097,"lr":0.001,"parameters/core.V":{"bins":[-0.009623992256820202,0.010980597697198391,0.03158518671989441,0.05218977853655815,0.0727943703532219,0.09339895844459534,0.11400354653596878,0.13460813462734222,0.15521273016929626,0.1758173108100891,0.19642190635204315,0.2170265018939972,0.23763108253479004,0.2582356631755829,0.2788402736186981,0.29944485425949097,0.3200494349002838,0.34065404534339905,0.3612586259841919,0.38186320662498474,0.4024678170681,0.4230723977088928,0.44367697834968567,0.4642815887928009,0.48488616943359375,0.505490779876709,0.5260953307151794,0.5466999411582947,0.5673045516014099,0.5879091024398804,0.6085137128829956,0.6291183233261108,0.6497228741645813,0.6703274846076965,0.690932035446167,0.7115366458892822,0.7321412563323975,0.7527458071708679,0.7733504176139832,0.7939550280570984,0.8145595788955688,0.8351641893386841,0.8557687997817993,0.8763733506202698,0.896977961063385,0.9175825715065002,0.9381871223449707,0.9587917327880859,0.9793963432312012,1.0000009536743164,1.020605444908142,1.0412100553512573,1.0618146657943726,1.0824192762374878,1.103023886680603,1.1236284971237183,1.144232988357544,1.1648375988006592,1.1854422092437744,1.2060468196868896,1.2266514301300049,1.2472560405731201,1.2678605318069458,1.288465142250061,1.3090697526931763],"_type":"histogram","values":[1055,1,0,0,0,0,0,0,0,0,0,0,0,0,0,0,0,0,0,0,0,0,0,0,0,0,0,0,0,0,0,0,0,0,0,0,0,0,0,0,0,0,0,0,0,0,0,0,32,0,0,0,0,0,0,0,0,0,0,0,0,0,0,1]},"_step":2000,"_wandb":{"runtime":694},"gradients/core.V":{"_type":"histogram",