{"_runtime":696.352513227,"gradients/core.V":{"bins":[-0.011139776557683945,-0.010779328644275665,-0.010418880730867386,-0.010058432817459106,-0.009697984904050827,-0.009337536990642548,-0.008977089077234268,-0.008616641163825989,-0.00825619325041771,-0.00789574533700943,-0.007535297889262438,-0.007174849975854158,-0.006814402062445879,-0.0064539541490375996,-0.00609350623562932,-0.005733058322221041,-0.005372610408812761,-0.005012162495404482,-0.0046517145819962025,-0.004291266668587923,-0.003930818755179644,-0.003570371074602008,-0.0032099231611937284,-0.002849475247785449,-0.0024890273343771696,-0.00212857942096889,-0.0017681315075606108,-0.0014076837105676532,-0.0010472357971593738,-0.0006867878837510943,-0.00032634002855047584,3.4107855753973126e-05,0.0003945557400584221,0.0007550036534667015,0.001115451566874981,0.0014758993638679385,0.001836347277276218,0.0021967950742691755,0.002557242987677455,0.0029176909010857344,0.003278138814494014,0.003638586727902293,0.003999034408479929,0.004359482321888208,0.004719930235296488,0.005080378148704767,0.005440826062113047,0.005801273975521326,0.0061617218889296055,0.006522169802337885,0.006882617715746164,0.007243065629154444,0.007603513542562723,0.007963960990309715,0.008324408903717995,0.008684856817126274,0.009045304730534554,0.009405752643942833,0.009766200557351112,0.010126648470759392,0.010487096384167671,0.01084754429757595,0.01120799221098423,0.01156844012439251,0.011928888037800789],"_type":"histogram","values":[1,0,0,0,0,0,0,1,0,0,0,1,3,1,1,0,0,1,1,3,0,0,0,1,0,2,3,0,0,2,1056,0,0,0,1,1,0,0,0,1,1,2,1,0,0,0,0,0,1,1,1,0,0,0,0,1,0,0,0,0,0,0,0,1]},"_step":2000,"parameters/core.V":{"bins":[-0.016842296347022057,0.005632441490888596,0.028107179328799248,0.0505819171667099,0.0730566531419754,0.0955313891172409,0.118006132543087,0.1404808759689331,0.1629556119441986,0.1854303479194641,0.20790508389472961,0.23037981986999512,0.2528545558452606,0.2753292918205261,0.2978040277957916,0.32027876377105713,0.34275349974632263,0.36522823572158813,0.38770297169685364,0.41017770767211914,0.43265247344970703,0.45512720942497253,0.47760194540023804,0.5000766515731812,0.522551417350769,0.5450261235237122,0.5675008893013,0.5899755954742432,0.612450361251831,0.634925127029419,0.6573998332023621,0.67987459897995,0.7023493647575378,0.7248241305351257,0.7472988367080688,0.7697736024856567,0.7922483086585999,0.8147230744361877,0.8371977806091309,0.8596725463867188,0.8821472525596619,0.9046220183372498,0.9270967245101929,0.9495714902877808,0.9720461964607239,0.9945209622383118,1.0169956684112549,1.0394704341888428,1.0619451999664307,1.0844199657440186,1.106894612312317,1.1293693780899048,1.1518441438674927,1.1743189096450806,1.196793556213379,1.2192683219909668,1.2417430877685547,1.2642178535461426,1.286692500114441,1.3091672658920288,1.3316420316696167,1.3541167974472046,1.376591444015503,1.3990662097930908,1.4215409755706787],"_type":"histogram","values":[1041,14,1,0,0,0,0,0,0,0,0,0,0,0,0,0,0,0,0,0,0,0,0,0,0,0,0,0,0,0,0,0,0,0,0,0,0,0,0,0,0,0,0,0,0,32,0,0,0,0,0,0,0,0,0,0,0,0,0,0,0,0,0,1]},"_timestamp":1.7605634390232906e+09,"lr":0.001,"gradients/core.K":{"values":[1,0,1,1,0,1,0,1,0,1,0,1,1,0,0,1,0,1,2,2,0,3,1,11,36,96,185,276,226,130,73,20,4,1,0,1,0,0,0,0,0,1,0,1,1,0,2,1,1,0,1,0,0,0,0,3,0,0,0,0,0,0,0,1],"bins":[-0.02194720134139061,-0.021156417205929756,-0.020365634933114052,-0.019574850797653198,-0.018784066662192345,-0.01799328438937664,-0.017202500253915787,-0.016411716118454933,-0.015620932914316654,-0.014830149710178375,-0.014039365574717522,-0.013248582370579243,-0.012457799166440964,-0.01166701503098011,-0.010876231826841831,-0.010085447691380978,-0.009294664487242699,-0.00850388128310442,-0.007713097147643566,-0.006922313943505287,-0.006131530273705721,-0.005340746603906155,-0.004549963399767876,-0.0037591797299683094,-0.002968396060168743,-0.002177612390369177,-0.0013868289534002542,-0.0005960454000160098,0.00019473815336823463,0.000985521706752479,0.0017763052601367235,0.002567088697105646,0.0033578742295503616,0.004148657899349928,0.004939441569149494,0.005730224773287773,0.006521008443087339,0.007311792112886906,0.008102575317025185,0.008893359452486038,0.009684142656624317,0.010474925860762596,0.01126570999622345,0.012056493200361729,0.012847276404500008,0.013638060539960861,0.01442884374409914,0.015219627879559994,0.016010411083698273,0.016801195219159126,0.01759197749197483,0.018382761627435684,0.019173545762896538,0.019964328035712242,0.020755112171173096,0.02154589630663395,0.022336680442094803,0.023127462714910507,0.02391824685037136,0.024709030985832214,0.02549981325864792,0.026290597394108772,0.027081381529569626,0.02787216380238533,0.028662947937846184],"_type":"histogram"},"val/mse":0.9101386070251465,"train/mse":0.9067140221595764,"gradients/core.Q":{"_type":"histogram","values":[1,0,0,0,0,0,0,1,1,1,2,5,6,6,0,2,8,17,18,12,18,18,27,25,20,30,30,41,49,47,41,47,45,65,54,55,44,34,31,35,30,27,30,20,24,19,15,20,14,13,8,9,8,3,2,4,1,2,1,2,0,0,0,1],"bins":[-0.004639009479433298,-0.00449974462389946,-0.004360479768365622,-0.004221214447170496,-0.004081949591636658,-0.0039426847361028194,-0.003803419880568981,-0.0036641547922044992,-0.003524889936670661,-0.0033856250811368227,-0.0032463599927723408,-0.0031070951372385025,-0.0029678302817046642,-0.0028285651933401823,-0.002689300337806344,-0.002550035249441862,-0.002410770393908024,-0.0022715055383741856,-0.0021322404500097036,-0.0019929755944758654,-0.0018537106225267053,-0.0017144456505775452,-0.001575180795043707,-0.0014359158230945468,-0.0012966508511453867,-0.0011573858791962266,-0.0010181209072470665,-0.0008788560517132282,-0.0007395910797640681,-0.000600326107814908,-0.00046106119407340884,-0.0003217962512280792,-0.00018253177404403687,-4.326683119870722e-05,9.599811164662242e-05,0.00023526305449195206,0.0003745279973372817,0.0005137929692864418,0.000653057883027941,0.0007923227967694402,0.0009315877687186003,0.0010708527406677604,0.0012101177126169205,0.0013493825681507587,0.0014886475400999188,0.001627912512049079,0.0017671773675829172,0.0019064423395320773,0.0020457073114812374,0.0021849721670150757,0.0023242372553795576,0.002463502110913396,0.002602767199277878,0.002742032054811716,0.0028812969103455544,0.0030205619987100363,0.0031598268542438745,0.003299091709777713,0.0034383567981421947,0.003577621653676033,0.0037168865092098713,0.0038561515975743532,0.003995416685938835,0.004134681541472673,0.004273946397006512]},"_wandb":{"runtime":696},"parameters/core.Q":{"_type":"histogram","values":[156,741,157,2,0,0,0,0,0,0,0,0,0,0,0,0,0,0,0,0,0,0,0,0,0,0,0,0,0,0,0,0,0,0,0,0,0,0,0,0,0,0,0,0,0,0,1,0,0,0,0,0,0,0,0,0,0,0,0,0,0,1,20,11],"bins":[-0.03346841409802437,-0.011337585747241974,0.01079324260354042,0.032924070954322815,0.05505489930510521,0.0771857276558876,0.0993165522813797,0.12144738435745239,0.14357821643352509,0.16570904850959778,0.18783986568450928,0.20997069776058197,0.23210152983665466,0.25423234701156616,0.27636319398880005,0.29849401116371155,0.32062482833862305,0.34275567531585693,0.36488649249076843,0.38701730966567993,0.4091481566429138,0.4312789738178253,0.4534098207950592,0.4755406379699707,0.4976714551448822,0.5198022723197937,0.5419331192970276,0.5640639662742615,0.5861947536468506,0.6083256006240845,0.6304564476013184,0.6525872945785522,0.6747181415557861,0.69684898853302,0.7189797759056091,0.741110622882843,0.7632414698600769,0.785372257232666,0.8075031042098999,0.8296339511871338,0.8517647981643677,0.8738955855369568,0.8960264325141907,0.9181572794914246,0.9402880668640137,0.9624189138412476,0.9845497608184814,1.0066806077957153,1.0288114547729492,1.0509421825408936,1.0730730295181274,1.0952038764953613,1.1173347234725952,1.139465570449829,1.161596417427063,1.1837271451950073,1.2058579921722412,1.227988839149475,1.250119686126709,1.2722505331039429,1.2943813800811768,1.316512107849121,1.338642954826355,1.3607738018035889,1.3829046487808228]},