{"_timestamp":1.7605057855858378e+09,"gradients/core.Q":{"values":[1,0,0,0,1,1,1,0,0,1,0,1,3,1,2,2,3,3,14,16,19,21,28,50,70,69,78,99,130,88,89,82,46,52,39,16,18,11,10,4,9,1,1,0,1,0,1,0,0,1,1,0,0,0,0,1,0,1,0,1,0,0,1,1],"bins":[-0.00920820888131857,-0.008885742165148258,-0.008563275448977947,-0.008240807801485062,-0.00791834108531475,-0.00759587436914444,-0.007273407652974129,-0.0069509404711425304,-0.0066284737549722195,-0.0063060070388019085,-0.00598353985697031,-0.005661073140799999,-0.005338606424629688,-0.00501613924279809,-0.004693672526627779,-0.004371205344796181,-0.00404873862862587,-0.003726271679624915,-0.0034038047306239605,-0.0030813380144536495,-0.002758871065452695,-0.0024364041164517403,-0.0021139374002814293,-0.0017914704512804747,-0.00146900350227952,-0.0011465365532785654,-0.0008240697206929326,-0.0005016028298996389,-0.00017913593910634518,0.00014333095168694854,0.00046579784248024225,0.000788264733273536,0.0011107325553894043,0.001433199504390359,0.0017556663369759917,0.0020781331695616245,0.002400600118562579,0.0027230670675635338,0.0030455337837338448,0.0033680007327347994,0.003690467681735754,0.004012934397906065,0.004335401579737663,0.004657868295907974,0.004980335012078285,0.0053028021939098835,0.0056252689100801945,0.005947736091911793,0.006270202808082104,0.006592669524252415,0.006915136706084013,0.007237603422254324,0.007560070604085922,0.007882537320256233,0.008205004036426544,0.008527470752596855,0.008849937468767166,0.009172405116260052,0.009494871832430363,0.009817338548600674,0.010139805264770985,0.010462271980941296,0.010784739628434181,0.011107206344604492,0.011429673060774803],"_type":"histogram"},"train/y_true_mean":0.021285466849803925,"lr":0.001,"_runtime":846.16306168,"gradients/core.K":{"_type":"histogram","values":[1,0,0,0,0,1,0,0,0,1,0,2,0,2,0,1,3,0,0,2,1,0,2,0,7,128,516,354,52,1,0,2,0,0,2,1,1,0,2,1,0,0,0,0,0,0,0,1,0,0,1,1,1,0,0,0,0,0,1,0,0,0,0,1],"bins":[-0.052424415946006775,-0.050468169152736664,-0.04851192235946655,-0.04655567929148674,-0.04459943249821663,-0.04264318570494652,-0.040686942636966705,-0.038730695843696594,-0.03677444905042648,-0.03481820225715637,-0.03286195546388626,-0.03090571239590645,-0.028949465602636337,-0.026993218809366226,-0.025036973878741264,-0.023080728948116302,-0.02112448215484619,-0.01916823536157608,-0.01721199043095112,-0.015255744569003582,-0.013299498707056046,-0.011343252845108509,-0.009387006983160973,-0.007430761121213436,-0.0054745152592659,-0.003518269397318363,-0.0015620235353708267,0.00039422232657670975,0.002350468188524246,0.004306714050471783,0.006262959912419319,0.008219205774366856,0.010175459086894989,0.012131704948842525,0.014087950810790062,0.016044195741415024,0.018000442534685135,0.019956689327955246,0.021912934258580208,0.02386917918920517,0.02582542598247528,0.027781672775745392,0.029737917706370354,0.031694162636995316,0.03365040943026543,0.03560665622353554,0.03756289929151535,0.03951914608478546,0.04147539287805557,0.043431639671325684,0.045387886464595795,0.04734412953257561,0.04930037632584572,0.05125662311911583,0.05321286618709564,0.05516911298036575,0.057125359773635864,0.059081606566905975,0.061037853360176086,0.0629941001534462,0.06495034694671631,0.06690658628940582,0.06886283308267593,0.07081907987594604,0.07277532666921616]},"parameters/core.K":{"bins":[-1.5146476030349731,-1.4525021314620972,-1.3903566598892212,-1.3282111883163452,-1.2660657167434692,-1.2039202451705933,-1.1417747735977173,-1.0796293020248413,-1.0174839496612549,-0.9553384184837341,-0.8931929469108582,-0.8310474753379822,-0.768902063369751,-0.706756591796875,-0.644611120223999,-0.582465648651123,-0.5203201770782471,-0.4581747055053711,-0.3960292339324951,-0.33388379216194153,-0.27173832058906555,-0.20959284901618958,-0.1474473923444748,-0.08530192822217941,-0.023156464099884033,0.038989000022411346,0.10113446414470673,0.1632799208164215,0.22542539238929749,0.28757086396217346,0.34971630573272705,0.411861777305603,0.47400712966918945,0.5361526012420654,0.5982980728149414,0.6604435443878174,0.7225890159606934,0.7847344279289246,0.8468798995018005,0.9090253710746765,0.9711708426475525,1.0333162546157837,1.0954617261886597,1.1576071977615356,1.2197526693344116,1.2818981409072876,1.3440436124801636,1.4061890840530396,1.4683345556259155,1.5304800271987915,1.5926254987716675,1.6547709703445435,1.7169164419174194,1.7790619134902954,1.8412073850631714,1.9033528566360474,1.9654982089996338,2.0276436805725098,2.0897891521453857,2.1519346237182617,2.2140800952911377,2.2762255668640137,2.3383710384368896,2.4005165100097656,2.4626619815826416],"_type":"histogram","values":[1,2,1,1,3,0,0,1,0,0,0,1,0,0,0,1,0,0,2,0,0,1,34,267,510,194,22,0,1,2,1,0,0,0,1,0,0,0,1,0,1,0,5,2,2,0,0,0,0,0,0,0,0,0,0,0,0,0,0,0,0,0,1,31]},"val/mse":0.6405906081199646,"_wandb":{"runtime":846},"parameters/core.V":{"bins":[-0.02534255012869835,0.013543665409088135,0.05242988094687462,0.0913160964846611,0.1302023082971573,0.16908852756023407,0.20797474682331085,0.24686095118522644,0.2857471704483032,0.32463338971138,0.3635196089744568,0.40240582823753357,0.44129204750061035,0.48017823696136475,0.5190644860267639,0.5579506754875183,0.5968369245529175,0.6357231140136719,0.6746093034744263,0.7134955525398254,0.7523817420005798,0.791267991065979,0.8301541805267334,0.8690404295921326,0.907926619052887,0.9468128681182861,0.9856990575790405,1.024585247039795,1.0634714365005493,1.1023577451705933,1.1412439346313477,1.180130124092102,1.219016432762146,1.2579026222229004,1.2967888116836548,1.3356751203536987,1.3745613098144531,1.4134474992752075,1.452333688735962,1.4912199974060059,1.5301061868667603,1.5689923763275146,1.607878565788269,1.6467647552490234,1.6856510639190674,1.7245372533798218,1.7634234428405762,1.8023096323013306,1.841195821762085,1.880082130432129,1.9189683198928833,1.9578545093536377,1.996740698814392,2.0356268882751465,2.0745131969451904,2.1133995056152344,2.152285575866699,2.191171884536743,2.230057954788208,2.268944263458252,2.307830572128296,2.3467166423797607,2.3856029510498047,2.4244890213012695,2.4633753299713135],"_type":"histogram","values":[1051,5,0,0,0,0,0,0,0,0,0,0,0,0,0,0,0,0,0,0,0,0,0,0,0,0,32,0,0,0,0,0,0,0,0,0,0,0,0,0,0,0,0,0,0,0,0,0,0,0,0,0,0,0,0,0,0,0,0,0,0,0,0,1]},"val/corr":0.6429370641708374,"train/y_pred_mean":0.002843506634235382,"_step":2000,"parameters/core.Q":{"values":[13,58,194,367,287,104,32,1,0,0,0,0,0,0,0,0,0,0,0,0,0,0,0,0,0,0,0,0,1,0,0,0,0,0,0,0,0,0,0,0,0,0,0,0,0,0,0,0,0,0,0,0,0,0,0,0,0,0,0,0,0,0,12,20],"bins":[-0.15169939398765564,-0.1108739823102951,-0.07004856318235397,-0.02922314777970314,0.011602267622947693,0.052427683025598526,0.09325309842824936,0.1340785175561905,0.17490392923355103,0.21572934091091156,0.2565547525882721,0.2973801791667938,0.33820557594299316,0.3790310025215149,0.4198564291000366,0.46068182587623596,0.5015072822570801,0.542332649230957,0.5831580758094788,0.6239835023880005,0.6648089289665222,0.705634355545044,0.7464597225189209,0.7872851490974426,0.8281105756759644,0.8689360022544861,0.9097614288330078,0.9505867958068848,0.9914122223854065,1.0322376489639282,1.0730630159378052,1.1138885021209717,1.1547139883041382,1.1955393552780151,1.2363648414611816,1.2771902084350586,1.318015694618225,1.358841061592102,1.399666428565979,1.4404919147491455,1.4813172817230225,1.522142767906189,1.562968134880066,1.6037935018539429,1.6446189880371094,1.6854443550109863,1.7262698411941528,1.7670952081680298,1.8079206943511963,1.8487460613250732,1.8895714282989502,1.9303969144821167,1.9712222814559937,2.01204776763916,2.052873134613037,2.093698501586914,2.134523868560791,2.175349473953247,2.216174840927124,2.257000207901001,2.297825574874878,2.338650941848755,2.379476547241211,2.420301914215088,2.461127281188965],"_type":"histogram"},"train/mse":0.6373871564865112,